host,group,directory,mode,size_kib,spacing,samples,steps,unit,mean,median,stddev,q1,q3,p5,p95,outliers,zeros
sunbird,full,results/capacity-20260906/sunbird/full,empty,4.0,8,1000000,4096,TSC ticks/timer pair,63.811758,60.0,59.971241036843566,56.0,72.0,56.0,76.0,69,0
sunbird,full,results/capacity-20260906/sunbird/full,random,4.0,8,1000000,4096,TSC ticks/access,4.031633748046875,4.017578125,0.17689618092330714,4.0166015625,4.017578125,4.015625,4.0185546875,35891,0
sunbird,full,results/capacity-20260906/sunbird/full,random,8.0,8,1000000,4096,TSC ticks/access,4.047134551269531,4.017578125,0.5075077069347822,4.0166015625,4.017578125,4.015625,4.0185546875,30140,0
sunbird,full,results/capacity-20260906/sunbird/full,random,16.0,8,1000000,4096,TSC ticks/access,4.0480074655761715,4.017578125,0.4785739857916437,4.0166015625,4.017578125,4.015625,4.01953125,51596,0
sunbird,full,results/capacity-20260906/sunbird/full,random,32.0,8,1000000,4096,TSC ticks/access,4.0902881374511715,4.048828125,0.5339923788035463,4.041015625,4.0625,4.033203125,4.0830078125,27689,0
sunbird,full,results/capacity-20260906/sunbird/full,random,64.0,8,1000000,4096,TSC ticks/access,8.386148298583985,8.3359375,0.4077371323805467,8.314453125,8.3466796875,8.30859375,8.3603515625,29757,0
sunbird,full,results/capacity-20260906/sunbird/full,random,128.0,8,1000000,4096,TSC ticks/access,10.326735848144532,10.2109375,0.887611122137597,10.2021484375,10.2861328125,10.185546875,10.2998046875,33979,0
sunbird,full,results/capacity-20260906/sunbird/full,random,256.0,8,1000000,4096,TSC ticks/access,12.646875313476562,12.302734375,1.9180100732185388,12.234375,12.384765625,12.1416015625,14.6865234375,109294,0
sunbird,full,results/capacity-20260906/sunbird/full,random,512.0,8,1000000,4096,TSC ticks/access,33.055913283935546,32.72265625,1.9733913097760156,32.5791015625,32.9169921875,32.173828125,35.0380859375,123289,0
sunbird,full,results/capacity-20260906/sunbird/full,random,1024.0,8,1000000,4096,TSC ticks/access,42.77443011425781,42.52734375,1.678509736777276,42.34375,42.69921875,42.12109375,44.658203125,101588,0
sunbird,full,results/capacity-20260906/sunbird/full,random,2048.0,8,1000000,4096,TSC ticks/access,40.41332263476563,40.19140625,2.0163294486611596,40.083984375,40.35546875,39.8408203125,42.0869140625,92693,0
sunbird,full,results/capacity-20260906/sunbird/full,random,4096.0,8,1000000,4096,TSC ticks/access,42.22232628540039,42.03515625,1.927669867084647,41.904296875,42.1787109375,41.7138671875,43.865234375,88995,0
sunbird,full,results/capacity-20260906/sunbird/full,random,8192.0,8,1000000,4096,TSC ticks/access,43.12183543579101,42.9384765625,1.6786832273896863,42.8369140625,43.03515625,42.6611328125,44.751953125,102245,0
sunbird,full,results/capacity-20260906/sunbird/full,random,16384.0,8,1000000,4096,TSC ticks/access,43.59943272070313,43.380859375,1.6399122452928074,43.298828125,43.5,43.177734375,45.2158203125,104948,0
sunbird,full,results/capacity-20260906/sunbird/full,random,32768.0,8,1000000,4096,TSC ticks/access,72.72613490429687,71.0380859375,7.401241153578889,68.80078125,74.587890625,66.7626953125,82.072265625,42930,0
sunbird,full,results/capacity-20260906/sunbird/full,random,65536.0,8,1000000,4096,TSC ticks/access,142.5824735703125,141.9052734375,4.699982071131256,140.4658203125,143.5546875,138.5693359375,148.4189453125,52805,0
sunbird,full,results/capacity-20260906/sunbird/full,random,131072.0,8,1000000,4096,TSC ticks/access,178.73772572949218,178.19921875,6.421635788914685,177.068359375,179.5908203125,175.6875,183.484375,51580,0
sunbird,full,results/capacity-20260906/sunbird/full,random,262144.0,8,1000000,4096,TSC ticks/access,194.98028045800783,194.470703125,4.280105608860932,193.5048828125,195.732666015625,192.3427734375,198.837890625,46509,0
sunbird,full,results/capacity-20260906/sunbird/full,sequential,4.0,8,1000000,4096,TSC ticks/access,4.04236243359375,4.017578125,0.32010822768366065,4.0166015625,4.017578125,4.015625,4.0185546875,25868,0
sunbird,full,results/capacity-20260906/sunbird/full,sequential,8.0,8,1000000,4096,TSC ticks/access,4.047991150634766,4.017578125,1.0191102646925085,4.0166015625,4.017578125,4.015625,4.0185546875,45032,0
sunbird,full,results/capacity-20260906/sunbird/full,sequential,16.0,8,1000000,4096,TSC ticks/access,4.045772877441406,4.017578125,0.8273969598244312,4.0166015625,4.017578125,4.015625,4.0185546875,34433,0
sunbird,full,results/capacity-20260906/sunbird/full,sequential,32.0,8,1000000,4096,TSC ticks/access,4.072999167236328,4.0458984375,0.42422750552647787,4.0439453125,4.0693359375,4.0205078125,4.0732421875,24930,0
sunbird,full,results/capacity-20260906/sunbird/full,sequential,64.0,8,1000000,4096,TSC ticks/access,4.046065887451172,4.01953125,0.2560905114688578,4.0185546875,4.0205078125,4.0166015625,4.021484375,33158,0
sunbird,full,results/capacity-20260906/sunbird/full,sequential,128.0,8,1000000,4096,TSC ticks/access,4.05095202368164,4.021484375,0.7462707441436233,4.0205078125,4.0234375,4.01953125,4.0263671875,38517,0
sunbird,full,results/capacity-20260906/sunbird/full,sequential,256.0,8,1000000,4096,TSC ticks/access,4.05556168334961,4.025390625,1.042864695267867,4.0205078125,4.02734375,4.0166015625,4.060546875,64924,0
sunbird,full,results/capacity-20260906/sunbird/full,sequential,512.0,8,1000000,4096,TSC ticks/access,4.050134052001953,4.0185546875,0.4525899849444137,4.0166015625,4.01953125,4.0166015625,4.0703125,146922,0
sunbird,full,results/capacity-20260906/sunbird/full,sequential,1024.0,8,1000000,4096,TSC ticks/access,4.052557251464844,4.021484375,0.2568657736545788,4.0185546875,4.0263671875,4.017578125,4.0751953125,60418,0
sunbird,full,results/capacity-20260906/sunbird/full,sequential,2048.0,8,1000000,4096,TSC ticks/access,4.049341044189453,4.0185546875,0.2637588990747276,4.017578125,4.0185546875,4.017578125,4.068359375,79156,0
sunbird,full,results/capacity-20260906/sunbird/full,sequential,4096.0,8,1000000,4096,TSC ticks/access,4.0470077839355465,4.0185546875,0.4488951477955229,4.0166015625,4.0185546875,4.0166015625,4.0673828125,67195,0
sunbird,full,results/capacity-20260906/sunbird/full,sequential,8192.0,8,1000000,4096,TSC ticks/access,4.0442469704589845,4.0185546875,0.264555970973699,4.0166015625,4.0185546875,4.0166015625,4.0693359375,64770,0
sunbird,full,results/capacity-20260906/sunbird/full,sequential,16384.0,8,1000000,4096,TSC ticks/access,4.068337915771484,4.0185546875,0.4829978948234642,4.017578125,4.01953125,4.017578125,4.2421875,148835,0
sunbird,full,results/capacity-20260906/sunbird/full,sequential,32768.0,8,1000000,4096,TSC ticks/access,4.197283350585938,4.171875,0.3542524396912191,4.11328125,4.205078125,4.01953125,4.3310546875,48919,0
sunbird,full,results/capacity-20260906/sunbird/full,sequential,65536.0,8,1000000,4096,TSC ticks/access,4.22938351953125,4.1845703125,1.2075125069091401,4.134765625,4.208984375,4.0283203125,4.451171875,80813,0
sunbird,full,results/capacity-20260906/sunbird/full,sequential,131072.0,8,1000000,4096,TSC ticks/access,4.22630209375,4.18359375,1.3847149212929144,4.1337890625,4.20703125,4.0283203125,4.43359375,71521,0
sunbird,full,results/capacity-20260906/sunbird/full,sequential,262144.0,8,1000000,4096,TSC ticks/access,4.2225180341796875,4.181640625,0.8517371677173668,4.1328125,4.20703125,4.0283203125,4.40625,57802,0
sunbird,small,results/capacity-20260906/sunbird/refine-small,empty,16.0,8,1000000,4096,TSC ticks/timer pair,72.935857,72.0,109.97839051341829,62.0,85.0,56.0,94.0,63,0
sunbird,small,results/capacity-20260906/sunbird/refine-small,random,16.0,8,1000000,4096,TSC ticks/access,4.053256421875,4.017578125,0.4718983702552679,4.0166015625,4.017578125,4.015625,4.18408203125,79621,0
sunbird,small,results/capacity-20260906/sunbird/refine-small,random,24.0,8,1000000,4096,TSC ticks/access,4.055307693603516,4.017578125,0.8598210630680506,4.0166015625,4.017578125,4.015625,4.0244140625,187465,0
sunbird,small,results/capacity-20260906/sunbird/refine-small,random,28.0,8,1000000,4096,TSC ticks/access,4.06404778515625,4.017578125,0.5617656605454346,4.0166015625,4.0205078125,4.015625,4.0380859375,181494,0
sunbird,small,results/capacity-20260906/sunbird/refine-small,random,32.0,8,1000000,4096,TSC ticks/access,4.101273259765625,4.0517578125,0.5496556548958722,4.0439453125,4.0625,4.0361328125,4.080078125,31117,0
sunbird,small,results/capacity-20260906/sunbird/refine-small,random,36.0,8,1000000,4096,TSC ticks/access,5.133731033691406,5.0771484375,0.9902884649112028,5.05859375,5.0966796875,5.0322265625,5.1328125,37613,0
sunbird,small,results/capacity-20260906/sunbird/refine-small,random,40.0,8,1000000,4096,TSC ticks/access,5.997116219482422,5.9365234375,0.9734611982531578,5.9189453125,5.9541015625,5.8935546875,5.986328125,35985,0
sunbird,small,results/capacity-20260906/sunbird/refine-small,random,44.0,8,1000000,4096,TSC ticks/access,6.531970275878907,6.4833984375,0.6617374215410313,6.46484375,6.501953125,6.4345703125,6.5302734375,29369,0
sunbird,small,results/capacity-20260906/sunbird/refine-small,random,48.0,8,1000000,4096,TSC ticks/access,7.095832590576172,7.0498046875,0.6953756589077277,7.0,7.0546875,6.990234375,7.064453125,32108,0
sunbird,small,results/capacity-20260906/sunbird/refine-small,random,52.0,8,1000000,4096,TSC ticks/access,7.541290509033203,7.486328125,0.6903098374230179,7.4599609375,7.501953125,7.431640625,7.5458984375,30404,0
sunbird,small,results/capacity-20260906/sunbird/refine-small,random,56.0,8,1000000,4096,TSC ticks/access,7.805657775146484,7.7470703125,0.7172767098797341,7.7294921875,7.763671875,7.7216796875,7.7998046875,29306,0
sunbird,small,results/capacity-20260906/sunbird/refine-small,random,60.0,8,1000000,4096,TSC ticks/access,8.088184097412109,8.0078125,1.3292082635085902,7.96875,8.048828125,7.9267578125,8.0947265625,44499,0
sunbird,small,results/capacity-20260906/sunbird/refine-small,random,64.0,8,1000000,4096,TSC ticks/access,8.414340408447266,8.33984375,1.3530166066103975,8.3232421875,8.3505859375,8.3125,8.3720703125,46905,0
sunbird,small,results/capacity-20260906/sunbird/refine-small,sequential,16.0,8,1000000,4096,TSC ticks/access,4.040622646728516,4.017578125,0.48151610004246265,4.0166015625,4.017578125,4.015625,4.0205078125,51780,0
sunbird,small,results/capacity-20260906/sunbird/refine-small,sequential,24.0,8,1000000,4096,TSC ticks/access,4.0483357353515625,4.017578125,0.4837518964620668,4.0166015625,4.017578125,4.015625,4.021484375,72680,0
sunbird,small,results/capacity-20260906/sunbird/refine-small,sequential,28.0,8,1000000,4096,TSC ticks/access,4.045207239257812,4.017578125,1.239104473020213,4.0166015625,4.017578125,4.015625,4.1513671875,184161,0
sunbird,small,results/capacity-20260906/sunbird/refine-small,sequential,32.0,8,1000000,4096,TSC ticks/access,4.0717194133300785,4.046875,0.5014973985159997,4.0400390625,4.0615234375,4.01953125,4.0693359375,25961,0
sunbird,small,results/capacity-20260906/sunbird/refine-small,sequential,36.0,8,1000000,4096,TSC ticks/access,4.0481582578125,4.021484375,0.49350026684857057,4.021484375,4.0244140625,4.0205078125,4.029296875,69376,0
sunbird,small,results/capacity-20260906/sunbird/refine-small,sequential,40.0,8,1000000,4096,TSC ticks/access,4.051403239501953,4.0234375,0.8472512962591715,4.0224609375,4.0244140625,4.0205078125,4.025390625,31788,0
sunbird,small,results/capacity-20260906/sunbird/refine-small,sequential,44.0,8,1000000,4096,TSC ticks/access,4.053728644042969,4.0244140625,0.46427684370160643,4.0234375,4.0263671875,4.0224609375,4.029296875,29290,0
sunbird,small,results/capacity-20260906/sunbird/refine-small,sequential,48.0,8,1000000,4096,TSC ticks/access,4.0559623122558595,4.0224609375,0.47270285136444823,4.0205078125,4.0302734375,4.01953125,4.0322265625,34164,0
sunbird,small,results/capacity-20260906/sunbird/refine-small,sequential,52.0,8,1000000,4096,TSC ticks/access,4.050045792480469,4.0224609375,0.46113341961768456,4.0205078125,4.0224609375,4.01953125,4.025390625,43469,0
sunbird,small,results/capacity-20260906/sunbird/refine-small,sequential,56.0,8,1000000,4096,TSC ticks/access,4.052460247802735,4.02734375,0.4500240878301493,4.0244140625,4.0283203125,4.0205078125,4.0302734375,30017,0
sunbird,small,results/capacity-20260906/sunbird/refine-small,sequential,60.0,8,1000000,4096,TSC ticks/access,4.056076455078125,4.0244140625,0.4664199240040533,4.0234375,4.0263671875,4.0166015625,4.0302734375,138622,0
sunbird,small,results/capacity-20260906/sunbird/refine-small,sequential,64.0,8,1000000,4096,TSC ticks/access,4.048717913574219,4.0244140625,0.44637092749542717,4.0234375,4.025390625,4.0224609375,4.0263671875,28936,0
sunbird,middle,results/capacity-20260906/sunbird/refine-middle,empty,128.0,8,1000000,4096,TSC ticks/timer pair,73.020205,72.0,66.19261072219231,62.0,85.0,56.0,93.0,84,0
sunbird,middle,results/capacity-20260906/sunbird/refine-middle,random,128.0,8,1000000,4096,TSC ticks/access,10.319717959472657,10.212890625,0.9158049070761624,10.1962890625,10.2939453125,10.1767578125,10.3046875,33724,0
sunbird,middle,results/capacity-20260906/sunbird/refine-middle,random,160.0,8,1000000,4096,TSC ticks/access,10.767086943115235,10.5908203125,1.3991611871656486,10.5595703125,10.666015625,10.490234375,10.7099609375,42722,0
sunbird,middle,results/capacity-20260906/sunbird/refine-middle,random,192.0,8,1000000,4096,TSC ticks/access,13.86467327734375,13.6640625,1.5610064175191,13.5693359375,13.76171875,13.4462890625,14.1064453125,52781,0
sunbird,middle,results/capacity-20260906/sunbird/refine-middle,random,224.0,8,1000000,4096,TSC ticks/access,13.908190388183593,13.6494140625,1.6594117167529094,13.556640625,13.751953125,13.4287109375,15.17578125,72125,0
sunbird,middle,results/capacity-20260906/sunbird/refine-middle,random,256.0,8,1000000,4096,TSC ticks/access,15.939396301513671,15.5859375,2.1544342175534092,15.4609375,15.7353515625,15.306640625,17.91796875,106512,0
sunbird,middle,results/capacity-20260906/sunbird/refine-middle,random,288.0,8,1000000,4096,TSC ticks/access,21.3663123046875,18.6650390625,5.402033125183262,18.4716796875,21.1865234375,18.2314453125,32.0751953125,180182,0
sunbird,middle,results/capacity-20260906/sunbird/refine-middle,random,320.0,8,1000000,4096,TSC ticks/access,21.91097362866211,21.603515625,2.1335552919414273,21.38671875,21.73046875,21.1767578125,23.7314453125,92210,0
sunbird,middle,results/capacity-20260906/sunbird/refine-middle,random,352.0,8,1000000,4096,TSC ticks/access,23.820659242919923,23.390625,2.3525155374859414,23.2705078125,23.63671875,23.1474609375,25.9990234375,110228,0
sunbird,middle,results/capacity-20260906/sunbird/refine-middle,random,384.0,8,1000000,4096,TSC ticks/access,26.64058916357422,26.23046875,2.3959718794328673,26.0146484375,26.4599609375,25.763671875,28.8408203125,101840,0
sunbird,middle,results/capacity-20260906/sunbird/refine-middle,random,448.0,8,1000000,4096,TSC ticks/access,30.272325813476563,29.947265625,2.381254064841655,29.6416015625,30.16796875,29.453125,32.376953125,92815,0
sunbird,middle,results/capacity-20260906/sunbird/refine-middle,random,512.0,8,1000000,4096,TSC ticks/access,33.11497994702148,32.751953125,2.2680855361461316,32.6015625,33.0068359375,32.388623046875004,35.109375,98524,0
sunbird,middle,results/capacity-20260906/sunbird/refine-middle,random,768.0,8,1000000,4096,TSC ticks/access,39.61506543847656,39.3203125,2.2532351264998556,39.12890625,39.560546875,38.8720703125,41.57421875,100488,0
sunbird,middle,results/capacity-20260906/sunbird/refine-middle,random,1024.0,8,1000000,4096,TSC ticks/access,42.77295939306641,42.537109375,2.154513221223885,42.337890625,42.697265625,42.0,44.66015625,103152,0
sunbird,middle,results/capacity-20260906/sunbird/refine-middle,sequential,128.0,8,1000000,4096,TSC ticks/access,4.046643663085938,4.0234375,0.4876519162088608,4.021484375,4.02734375,4.0205078125,4.029296875,33336,0
sunbird,middle,results/capacity-20260906/sunbird/refine-middle,sequential,160.0,8,1000000,4096,TSC ticks/access,4.052786265625,4.0205078125,0.4724740020930852,4.01953125,4.021484375,4.017578125,4.0283203125,166825,0
sunbird,middle,results/capacity-20260906/sunbird/refine-middle,sequential,192.0,8,1000000,4096,TSC ticks/access,4.052896012695313,4.0263671875,0.4576516120295294,4.021484375,4.0302734375,4.01953125,4.0390625,45234,0
sunbird,middle,results/capacity-20260906/sunbird/refine-middle,sequential,224.0,8,1000000,4096,TSC ticks/access,4.059468764160156,4.0244140625,1.1478319448037408,4.0234375,4.029296875,4.01953125,4.0693359375,70753,0
sunbird,middle,results/capacity-20260906/sunbird/refine-middle,sequential,256.0,8,1000000,4096,TSC ticks/access,4.063708561767578,4.0263671875,0.5320837630442926,4.0234375,4.0302734375,4.0205078125,4.078125,106621,0
sunbird,middle,results/capacity-20260906/sunbird/refine-middle,sequential,288.0,8,1000000,4096,TSC ticks/access,4.0595647734375,4.021484375,1.2045701364819525,4.017578125,4.0283203125,4.0166015625,4.1865234375,87390,0
sunbird,middle,results/capacity-20260906/sunbird/refine-middle,sequential,320.0,8,1000000,4096,TSC ticks/access,4.0574132233886715,4.0234375,0.47964036804865356,4.0205078125,4.0263671875,4.0185546875,4.060546875,101465,0
sunbird,middle,results/capacity-20260906/sunbird/refine-middle,sequential,352.0,8,1000000,4096,TSC ticks/access,4.055258029296875,4.021484375,0.47744387954576645,4.01953125,4.0244140625,4.017578125,4.0673828125,63739,0
sunbird,middle,results/capacity-20260906/sunbird/refine-middle,sequential,384.0,8,1000000,4096,TSC ticks/access,4.055356786132813,4.021484375,0.4663994833371496,4.01953125,4.025390625,4.0166015625,4.0693359375,137339,0
sunbird,middle,results/capacity-20260906/sunbird/refine-middle,sequential,448.0,8,1000000,4096,TSC ticks/access,4.053760985595703,4.0224609375,0.5180183744466204,4.0185546875,4.0263671875,4.0166015625,4.0693359375,70338,0
sunbird,middle,results/capacity-20260906/sunbird/refine-middle,sequential,512.0,8,1000000,4096,TSC ticks/access,4.053736036132812,4.0224609375,0.47266665807594516,4.0185546875,4.0263671875,4.0166015625,4.07421875,61767,0
sunbird,middle,results/capacity-20260906/sunbird/refine-middle,sequential,768.0,8,1000000,4096,TSC ticks/access,4.053723730712891,4.021484375,0.8736703453219754,4.0205078125,4.0263671875,4.0166015625,4.0732421875,62095,0
sunbird,middle,results/capacity-20260906/sunbird/refine-middle,sequential,1024.0,8,1000000,4096,TSC ticks/access,4.0599942685546875,4.0244140625,0.4950711209011132,4.021484375,4.02734375,4.017578125,4.078125,114962,0
sunbird,large,results/capacity-20260906/sunbird/refine-large,empty,16384.0,8,1000000,4096,TSC ticks/timer pair,57.862164,56.0,52.61354982723298,56.0,60.0,56.0,60.0,3847,0
sunbird,large,results/capacity-20260906/sunbird/refine-large,random,16384.0,8,1000000,4096,TSC ticks/access,43.67340125195312,43.404296875,2.1336445684351144,43.2939453125,43.529296875,43.1474609375,45.357421875,117498,0
sunbird,large,results/capacity-20260906/sunbird/refine-large,random,18432.0,8,1000000,4096,TSC ticks/access,45.461812860351564,43.5361328125,7.801665665607732,43.3779296875,44.9091796875,43.2197265625,51.708984375,107614,0
sunbird,large,results/capacity-20260906/sunbird/refine-large,random,20480.0,8,1000000,4096,TSC ticks/access,44.36909408789062,43.7255859375,3.8032958467330737,43.5517578125,44.0771484375,43.3603515625,46.48828125,130592,0
sunbird,large,results/capacity-20260906/sunbird/refine-large,random,22528.0,8,1000000,4096,TSC ticks/access,45.36499261816406,44.6298828125,3.7900177905532297,44.2412109375,45.3720703125,43.8974609375,48.1552734375,75325,0
sunbird,large,results/capacity-20260906/sunbird/refine-large,random,24576.0,8,1000000,4096,TSC ticks/access,44.855411131835936,44.1943359375,3.2853484354345026,43.955078125,44.650390625,43.703125,47.33984375,119642,0
sunbird,large,results/capacity-20260906/sunbird/refine-large,random,26624.0,8,1000000,4096,TSC ticks/access,55.569119370117185,54.5517578125,5.448816911488826,53.64453125,55.8603515625,52.6455078125,60.12797851562493,60155,0
sunbird,large,results/capacity-20260906/sunbird/refine-large,random,28672.0,8,1000000,4096,TSC ticks/access,60.99045012695313,59.703125,6.22060670428579,58.5439453125,61.3994140625,57.2919921875,68.0791015625,67866,0
sunbird,large,results/capacity-20260906/sunbird/refine-large,random,30720.0,8,1000000,4096,TSC ticks/access,83.31396569238281,72.1376953125,25.969708349583517,65.20703125,98.3486328125,62.2734375,132.146484375,16915,0
sunbird,large,results/capacity-20260906/sunbird/refine-large,random,32768.0,8,1000000,4096,TSC ticks/access,75.58446787304688,73.29296875,12.128387037914795,71.00390625,76.4541015625,68.7412109375,89.9326171875,68651,0
sunbird,large,results/capacity-20260906/sunbird/refine-large,random,40960.0,8,1000000,4096,TSC ticks/access,104.40300764160156,103.1240234375,6.478452698757148,101.29296875,105.39453125,99.1787109375,113.60844726562493,60315,0
sunbird,large,results/capacity-20260906/sunbird/refine-large,random,49152.0,8,1000000,4096,TSC ticks/access,121.8137877734375,120.732421875,5.724760510489593,119.12890625,122.71484375,117.1943359375,130.1904296875,62140,0
sunbird,large,results/capacity-20260906/sunbird/refine-large,random,57344.0,8,1000000,4096,TSC ticks/access,134.81446087597655,133.2841796875,11.446732324224792,131.7490234375,135.19921875,129.865234375,146.2802734375,76994,0
sunbird,large,results/capacity-20260906/sunbird/refine-large,random,65536.0,8,1000000,4096,TSC ticks/access,142.19277076757814,141.3681640625,4.736471286934723,140.0224609375,142.9814453125,138.3525390625,148.857421875,60905,0
sunbird,large,results/capacity-20260906/sunbird/refine-large,sequential,16384.0,8,1000000,4096,TSC ticks/access,4.043262573242187,4.0205078125,0.4680446542343643,4.0185546875,4.0224609375,4.017578125,4.0693359375,60359,0
sunbird,large,results/capacity-20260906/sunbird/refine-large,sequential,18432.0,8,1000000,4096,TSC ticks/access,4.041670185058594,4.0185546875,0.447064827773883,4.0166015625,4.0185546875,4.0166015625,4.0703125,66185,0
sunbird,large,results/capacity-20260906/sunbird/refine-large,sequential,20480.0,8,1000000,4096,TSC ticks/access,4.041007969726563,4.0185546875,0.5071092353332777,4.017578125,4.0185546875,4.017578125,4.0654296875,63604,0
sunbird,large,results/capacity-20260906/sunbird/refine-large,sequential,22528.0,8,1000000,4096,TSC ticks/access,4.103582444580078,4.0537109375,0.9042999999135268,4.017578125,4.1259765625,4.0166015625,4.2255859375,33193,0
sunbird,large,results/capacity-20260906/sunbird/refine-large,sequential,24576.0,8,1000000,4096,TSC ticks/access,4.05086626953125,4.0185546875,0.4592389595433191,4.0166015625,4.01953125,4.0166015625,4.1376953125,166841,0
sunbird,large,results/capacity-20260906/sunbird/refine-large,sequential,26624.0,8,1000000,4096,TSC ticks/access,4.077186922607422,4.01953125,0.4808292680531968,4.017578125,4.0888671875,4.0166015625,4.19921875,52542,0
sunbird,large,results/capacity-20260906/sunbird/refine-large,sequential,28672.0,8,1000000,4096,TSC ticks/access,4.166497139648437,4.1298828125,0.576192980596537,4.0712890625,4.1826171875,4.017578125,4.373046875,54971,0
sunbird,large,results/capacity-20260906/sunbird/refine-large,sequential,30720.0,8,1000000,4096,TSC ticks/access,4.182463906982422,4.1494140625,0.9361445626796603,4.095703125,4.1962890625,4.01953125,4.318359375,47097,0
sunbird,large,results/capacity-20260906/sunbird/refine-large,sequential,32768.0,8,1000000,4096,TSC ticks/access,4.199885298828125,4.169921875,0.5735271272361704,4.1162109375,4.201171875,4.0185546875,4.3330078125,50452,0
sunbird,large,results/capacity-20260906/sunbird/refine-large,sequential,40960.0,8,1000000,4096,TSC ticks/access,4.213598070556641,4.1826171875,0.5685532106660063,4.123046875,4.2080078125,4.021484375,4.353515625,51554,0
sunbird,large,results/capacity-20260906/sunbird/refine-large,sequential,49152.0,8,1000000,4096,TSC ticks/access,4.219386923339844,4.1845703125,0.6075573313191465,4.12890625,4.20703125,4.025390625,4.3935546875,59058,0
sunbird,large,results/capacity-20260906/sunbird/refine-large,sequential,57344.0,8,1000000,4096,TSC ticks/access,4.218881557617188,4.1787109375,0.571482686141702,4.1337890625,4.20703125,4.029296875,4.3544921875,54895,0
sunbird,large,results/capacity-20260906/sunbird/refine-large,sequential,65536.0,8,1000000,4096,TSC ticks/access,4.220315208007812,4.177734375,0.5956241277610478,4.1328125,4.2060546875,4.0283203125,4.34765625,54490,0
thunderbird,full,results/capacity-20260906/thunderbird/full,empty,4.0,8,1000000,4096,Arm counter ticks/timer pair,0.901838,1.0,0.6228375467829549,1.0,1.0,0.0,1.0,100607,99832
thunderbird,full,results/capacity-20260906/thunderbird/full,random,4.0,8,1000000,4096,Arm counter ticks/access,0.03358625634765625,0.03369140625,0.0015593123435122672,0.033447265625,0.03369140625,0.033447265625,0.03369140625,571,0
thunderbird,full,results/capacity-20260906/thunderbird/full,random,8.0,8,1000000,4096,Arm counter ticks/access,0.0335873525390625,0.03369140625,0.001617379993246123,0.033447265625,0.03369140625,0.033447265625,0.03369140625,580,0
thunderbird,full,results/capacity-20260906/thunderbird/full,random,16.0,8,1000000,4096,Arm counter ticks/access,0.03358013037109375,0.03369140625,0.001600068341143204,0.033447265625,0.03369140625,0.033447265625,0.03369140625,575,0
thunderbird,full,results/capacity-20260906/thunderbird/full,random,32.0,8,1000000,4096,Arm counter ticks/access,0.033587541259765624,0.03369140625,0.0016140896371824626,0.033447265625,0.03369140625,0.033447265625,0.03369140625,616,0
thunderbird,full,results/capacity-20260906/thunderbird/full,random,64.0,8,1000000,4096,Arm counter ticks/access,0.03397378344726563,0.033935546875,0.0016038305695053924,0.033935546875,0.033935546875,0.033935546875,0.0341796875,196186,0
thunderbird,full,results/capacity-20260906/thunderbird/full,random,128.0,8,1000000,4096,Arm counter ticks/access,0.073782125,0.073486328125,0.0024028797461011706,0.0732421875,0.074462890625,0.0732421875,0.07470703125,1252,0
thunderbird,full,results/capacity-20260906/thunderbird/full,random,256.0,8,1000000,4096,Arm counter ticks/access,0.09908483959960937,0.09912109375,0.0025627582911739825,0.0986328125,0.099365234375,0.09814453125,0.099853515625,1665,0
thunderbird,full,results/capacity-20260906/thunderbird/full,random,512.0,8,1000000,4096,Arm counter ticks/access,0.12398034350585938,0.123779296875,0.0032086161079855303,0.123046875,0.124755859375,0.1220703125,0.126220703125,6970,0
thunderbird,full,results/capacity-20260906/thunderbird/full,random,1024.0,8,1000000,4096,Arm counter ticks/access,0.21521930517578125,0.215087890625,0.005721859510670297,0.21240234375,0.2177734375,0.20849609375,0.22216796875,6797,0
thunderbird,full,results/capacity-20260906/thunderbird/full,random,2048.0,8,1000000,4096,Arm counter ticks/access,0.47729191748046873,0.472900390625,0.016793448935472376,0.46875,0.47802734375,0.464111328125,0.5078125,173998,0
thunderbird,full,results/capacity-20260906/thunderbird/full,random,4096.0,8,1000000,4096,Arm counter ticks/access,0.6538908325195313,0.653564453125,0.008149264410752343,0.650390625,0.65673828125,0.646240234375,0.66162109375,9954,0
thunderbird,full,results/capacity-20260906/thunderbird/full,random,8192.0,8,1000000,4096,Arm counter ticks/access,0.7193135832519532,0.719970703125,0.011454830638578396,0.71484375,0.72314453125,0.708251953125,0.727783203125,14269,0
thunderbird,full,results/capacity-20260906/thunderbird/full,random,16384.0,8,1000000,4096,Arm counter ticks/access,0.7522724248046875,0.75146484375,0.01065798451387107,0.749267578125,0.75439453125,0.74658203125,0.75927734375,19343,0
thunderbird,full,results/capacity-20260906/thunderbird/full,random,32768.0,8,1000000,4096,Arm counter ticks/access,1.2875056811523438,1.286865234375,0.02102862424945599,1.27587890625,1.2978515625,1.2607421875,1.315185546875,11702,0
thunderbird,full,results/capacity-20260906/thunderbird/full,random,65536.0,8,1000000,4096,Arm counter ticks/access,1.8535353818359375,1.8310546875,0.08014783968265499,1.818359375,1.845947265625,1.801513671875,2.0751953125,106259,0
thunderbird,full,results/capacity-20260906/thunderbird/full,random,131072.0,8,1000000,4096,Arm counter ticks/access,2.0954716801757813,2.093505859375,0.027623457120877288,2.08203125,2.10546875,2.065673828125,2.125732421875,21708,0
thunderbird,full,results/capacity-20260906/thunderbird/full,random,262144.0,8,1000000,4096,Arm counter ticks/access,2.233936792236328,2.2333984375,0.022122680908322468,2.22216796875,2.24462890625,2.206787109375,2.261962890625,9898,0
thunderbird,full,results/capacity-20260906/thunderbird/full,sequential,4.0,8,1000000,4096,Arm counter ticks/access,0.033585891357421876,0.03369140625,0.0015261643628573496,0.033447265625,0.03369140625,0.033447265625,0.03369140625,552,0
thunderbird,full,results/capacity-20260906/thunderbird/full,sequential,8.0,8,1000000,4096,Arm counter ticks/access,0.03358674609375,0.03369140625,0.0015284888966341956,0.033447265625,0.03369140625,0.033447265625,0.03369140625,574,0
thunderbird,full,results/capacity-20260906/thunderbird/full,sequential,16.0,8,1000000,4096,Arm counter ticks/access,0.03358667578125,0.03369140625,0.0015220068538800329,0.033447265625,0.03369140625,0.033447265625,0.03369140625,572,0
thunderbird,full,results/capacity-20260906/thunderbird/full,sequential,32.0,8,1000000,4096,Arm counter ticks/access,0.03358700244140625,0.03369140625,0.0015433452234384494,0.033447265625,0.03369140625,0.033447265625,0.03369140625,869,0
thunderbird,full,results/capacity-20260906/thunderbird/full,sequential,64.0,8,1000000,4096,Arm counter ticks/access,0.03375532348632813,0.03369140625,0.0018319640555653815,0.03369140625,0.03369140625,0.03369140625,0.033935546875,273162,0
thunderbird,full,results/capacity-20260906/thunderbird/full,sequential,128.0,8,1000000,4096,Arm counter ticks/access,0.0341558671875,0.0341796875,0.001546221789693542,0.0341796875,0.0341796875,0.033935546875,0.034423828125,277975,0
thunderbird,full,results/capacity-20260906/thunderbird/full,sequential,256.0,8,1000000,4096,Arm counter ticks/access,0.034141733154296874,0.0341796875,0.0015561950794086281,0.0341796875,0.0341796875,0.033935546875,0.034423828125,295004,0
thunderbird,full,results/capacity-20260906/thunderbird/full,sequential,512.0,8,1000000,4096,Arm counter ticks/access,0.034188565185546874,0.0341796875,0.0015569013503922897,0.0341796875,0.0341796875,0.033935546875,0.034423828125,302058,0
thunderbird,full,results/capacity-20260906/thunderbird/full,sequential,1024.0,8,1000000,4096,Arm counter ticks/access,0.03428699536132813,0.0341796875,0.001657818930175723,0.0341796875,0.034423828125,0.033935546875,0.034912109375,64134,0
thunderbird,full,results/capacity-20260906/thunderbird/full,sequential,2048.0,8,1000000,4096,Arm counter ticks/access,0.03417587719726563,0.0341796875,0.001592514456182687,0.0341796875,0.0341796875,0.033935546875,0.0341796875,105928,0
thunderbird,full,results/capacity-20260906/thunderbird/full,sequential,4096.0,8,1000000,4096,Arm counter ticks/access,0.03390751171875,0.033935546875,0.0014343330104501645,0.03369140625,0.0341796875,0.033447265625,0.0341796875,751,0
thunderbird,full,results/capacity-20260906/thunderbird/full,sequential,8192.0,8,1000000,4096,Arm counter ticks/access,0.033777025634765624,0.03369140625,0.0013817129697852335,0.03369140625,0.033935546875,0.033447265625,0.0341796875,6063,0
thunderbird,full,results/capacity-20260906/thunderbird/full,sequential,16384.0,8,1000000,4096,Arm counter ticks/access,0.0337080009765625,0.03369140625,0.0018296346050861772,0.033447265625,0.03369140625,0.033447265625,0.0341796875,117108,0
thunderbird,full,results/capacity-20260906/thunderbird/full,sequential,32768.0,8,1000000,4096,Arm counter ticks/access,0.0346701396484375,0.03466796875,0.003969592412783105,0.0341796875,0.03515625,0.03369140625,0.035888671875,5251,0
thunderbird,full,results/capacity-20260906/thunderbird/full,sequential,65536.0,8,1000000,4096,Arm counter ticks/access,0.035390612548828124,0.035400390625,0.0018862371143323036,0.034912109375,0.035888671875,0.034423828125,0.03662109375,3907,0
thunderbird,full,results/capacity-20260906/thunderbird/full,sequential,131072.0,8,1000000,4096,Arm counter ticks/access,0.03546029931640625,0.035400390625,0.0018145109883808835,0.034912109375,0.035888671875,0.034423828125,0.03662109375,3048,0
thunderbird,full,results/capacity-20260906/thunderbird/full,sequential,262144.0,8,1000000,4096,Arm counter ticks/access,0.035471319580078126,0.035400390625,0.0018341663447561675,0.034912109375,0.035888671875,0.034423828125,0.03662109375,2854,0
thunderbird,small,results/capacity-20260906/thunderbird/refine-small,empty,32.0,8,1000000,4096,Arm counter ticks/timer pair,0.999399,1.0,1.4917241246423083,1.0,1.0,0.0,1.0,102813,54028
thunderbird,small,results/capacity-20260906/thunderbird/refine-small,random,32.0,8,1000000,4096,Arm counter ticks/access,0.03358734106445312,0.03369140625,0.001537251694561922,0.033447265625,0.03369140625,0.033447265625,0.03369140625,625,0
thunderbird,small,results/capacity-20260906/thunderbird/refine-small,random,48.0,8,1000000,4096,Arm counter ticks/access,0.03359147607421875,0.03369140625,0.0015644836634913278,0.033447265625,0.03369140625,0.033447265625,0.03369140625,795,0
thunderbird,small,results/capacity-20260906/thunderbird/refine-small,random,56.0,8,1000000,4096,Arm counter ticks/access,0.03377126049804687,0.03369140625,0.12233227993772264,0.033447265625,0.03369140625,0.033447265625,0.03369140625,904,0
thunderbird,small,results/capacity-20260906/thunderbird/refine-small,random,64.0,8,1000000,4096,Arm counter ticks/access,0.03394673608398437,0.033935546875,0.001574884129820323,0.033935546875,0.033935546875,0.03369140625,0.0341796875,173216,0
thunderbird,small,results/capacity-20260906/thunderbird/refine-small,random,72.0,8,1000000,4096,Arm counter ticks/access,0.04280082543945313,0.042724609375,0.00167730745159174,0.04248046875,0.043212890625,0.04248046875,0.04345703125,976,0
thunderbird,small,results/capacity-20260906/thunderbird/refine-small,random,80.0,8,1000000,4096,Arm counter ticks/access,0.05056445678710938,0.050537109375,0.0018527040982617188,0.05029296875,0.051025390625,0.0498046875,0.051025390625,1084,0
thunderbird,small,results/capacity-20260906/thunderbird/refine-small,random,88.0,8,1000000,4096,Arm counter ticks/access,0.05667001391601562,0.056640625,0.002018079707610137,0.056396484375,0.056884765625,0.05615234375,0.05712890625,1212,0
thunderbird,small,results/capacity-20260906/thunderbird/refine-small,random,96.0,8,1000000,4096,Arm counter ticks/access,0.06161137182617187,0.061767578125,0.002068040541739961,0.061279296875,0.06201171875,0.06103515625,0.06201171875,1231,0
thunderbird,small,results/capacity-20260906/thunderbird/refine-small,random,104.0,8,1000000,4096,Arm counter ticks/access,0.06564098193359375,0.06591796875,0.0021831532409590263,0.064697265625,0.06640625,0.064208984375,0.066650390625,1123,0
thunderbird,small,results/capacity-20260906/thunderbird/refine-small,random,112.0,8,1000000,4096,Arm counter ticks/access,0.06921403759765625,0.069091796875,0.0022090962616879567,0.069091796875,0.0693359375,0.06884765625,0.06982421875,124022,0
thunderbird,small,results/capacity-20260906/thunderbird/refine-small,random,120.0,8,1000000,4096,Arm counter ticks/access,0.07146338696289062,0.0712890625,0.0022316473127577253,0.071044921875,0.07177734375,0.070556640625,0.072265625,1346,0
thunderbird,small,results/capacity-20260906/thunderbird/refine-small,random,128.0,8,1000000,4096,Arm counter ticks/access,0.07380582006835938,0.073486328125,0.002317775753721819,0.073486328125,0.07470703125,0.0732421875,0.07470703125,1327,0
thunderbird,small,results/capacity-20260906/thunderbird/refine-small,sequential,32.0,8,1000000,4096,Arm counter ticks/access,0.03358811157226563,0.03369140625,0.0015366272852223302,0.033447265625,0.03369140625,0.033447265625,0.03369140625,927,0
thunderbird,small,results/capacity-20260906/thunderbird/refine-small,sequential,48.0,8,1000000,4096,Arm counter ticks/access,0.03358795654296875,0.03369140625,0.001257787418213624,0.033447265625,0.03369140625,0.033447265625,0.03369140625,1452,0
thunderbird,small,results/capacity-20260906/thunderbird/refine-small,sequential,56.0,8,1000000,4096,Arm counter ticks/access,0.0337154580078125,0.03369140625,0.0012931932019440515,0.03369140625,0.03369140625,0.033447265625,0.033935546875,236534,0
thunderbird,small,results/capacity-20260906/thunderbird/refine-small,sequential,64.0,8,1000000,4096,Arm counter ticks/access,0.03379003784179688,0.03369140625,0.0015270050953434115,0.03369140625,0.033935546875,0.03369140625,0.033935546875,1304,0
thunderbird,small,results/capacity-20260906/thunderbird/refine-small,sequential,72.0,8,1000000,4096,Arm counter ticks/access,0.033989881591796875,0.033935546875,0.001584717199420703,0.033935546875,0.033935546875,0.033935546875,0.0341796875,253333,0
thunderbird,small,results/capacity-20260906/thunderbird/refine-small,sequential,80.0,8,1000000,4096,Arm counter ticks/access,0.03412017236328125,0.0341796875,0.0012561017055160537,0.033935546875,0.0341796875,0.033935546875,0.0341796875,583,0
thunderbird,small,results/capacity-20260906/thunderbird/refine-small,sequential,88.0,8,1000000,4096,Arm counter ticks/access,0.034196028564453126,0.0341796875,0.0015363409421257342,0.0341796875,0.0341796875,0.033935546875,0.034423828125,248040,0
thunderbird,small,results/capacity-20260906/thunderbird/refine-small,sequential,96.0,8,1000000,4096,Arm counter ticks/access,0.03411401782226563,0.0341796875,0.0015284418386005726,0.033935546875,0.0341796875,0.033935546875,0.0341796875,601,0
thunderbird,small,results/capacity-20260906/thunderbird/refine-small,sequential,104.0,8,1000000,4096,Arm counter ticks/access,0.0341105087890625,0.0341796875,0.0015435512042102292,0.033935546875,0.0341796875,0.033935546875,0.0341796875,587,0
thunderbird,small,results/capacity-20260906/thunderbird/refine-small,sequential,112.0,8,1000000,4096,Arm counter ticks/access,0.0341097216796875,0.0341796875,0.0015409677735932594,0.033935546875,0.0341796875,0.033935546875,0.0341796875,594,0
thunderbird,small,results/capacity-20260906/thunderbird/refine-small,sequential,120.0,8,1000000,4096,Arm counter ticks/access,0.0341588486328125,0.0341796875,0.0015876309348620225,0.0341796875,0.0341796875,0.033935546875,0.034423828125,265292,0
thunderbird,small,results/capacity-20260906/thunderbird/refine-small,sequential,128.0,8,1000000,4096,Arm counter ticks/access,0.03415481127929688,0.0341796875,0.0015404746191113525,0.0341796875,0.0341796875,0.033935546875,0.034423828125,275065,0
thunderbird,middle,results/capacity-20260906/thunderbird/refine-middle,empty,256.0,8,1000000,4096,Arm counter ticks/timer pair,0.952253,1.0,0.3550652757766521,1.0,1.0,0.0,1.0,68817,58992
thunderbird,middle,results/capacity-20260906/thunderbird/refine-middle,random,256.0,8,1000000,4096,Arm counter ticks/access,0.10067717651367188,0.100830078125,0.0025425412635323966,0.10009765625,0.10107421875,0.099609375,0.101318359375,1680,0
thunderbird,middle,results/capacity-20260906/thunderbird/refine-middle,random,512.0,8,1000000,4096,Arm counter ticks/access,0.11783573461914063,0.11767578125,0.0028338815820806093,0.117431640625,0.117919921875,0.117431640625,0.11865234375,5197,0
thunderbird,middle,results/capacity-20260906/thunderbird/refine-middle,random,640.0,8,1000000,4096,Arm counter ticks/access,0.12223160888671875,0.122314453125,0.0029672121869903896,0.1220703125,0.12255859375,0.12158203125,0.122802734375,14528,0
thunderbird,middle,results/capacity-20260906/thunderbird/refine-middle,random,768.0,8,1000000,4096,Arm counter ticks/access,0.14002621118164063,0.14013671875,0.0035746939531643225,0.138916015625,0.14111328125,0.136962890625,0.142822265625,14140,0
thunderbird,middle,results/capacity-20260906/thunderbird/refine-middle,random,896.0,8,1000000,4096,Arm counter ticks/access,0.17821785864257814,0.177978515625,0.004731089370085076,0.17626953125,0.179931640625,0.173095703125,0.183349609375,18000,0
thunderbird,middle,results/capacity-20260906/thunderbird/refine-middle,random,1024.0,8,1000000,4096,Arm counter ticks/access,0.22647853930664064,0.226318359375,0.005896605377975566,0.22314453125,0.2294921875,0.2197265625,0.23388671875,4096,0
thunderbird,middle,results/capacity-20260906/thunderbird/refine-middle,random,1152.0,8,1000000,4096,Arm counter ticks/access,0.2662752746582031,0.265380859375,0.006655644012074088,0.262939453125,0.268798828125,0.259521484375,0.275634765625,23176,0
thunderbird,middle,results/capacity-20260906/thunderbird/refine-middle,random,1280.0,8,1000000,4096,Arm counter ticks/access,0.30882030224609375,0.30859375,0.007492463353513114,0.30517578125,0.312255859375,0.299072265625,0.318603515625,13079,0
thunderbird,middle,results/capacity-20260906/thunderbird/refine-middle,random,1536.0,8,1000000,4096,Arm counter ticks/access,0.3868435634765625,0.387451171875,0.011065653551104173,0.382568359375,0.390869140625,0.375732421875,0.396240234375,17235,0
thunderbird,middle,results/capacity-20260906/thunderbird/refine-middle,random,1792.0,8,1000000,4096,Arm counter ticks/access,0.4323866853027344,0.4287109375,0.015048458803566686,0.425048828125,0.434326171875,0.41943359375,0.459228515625,152072,0
thunderbird,middle,results/capacity-20260906/thunderbird/refine-middle,random,2048.0,8,1000000,4096,Arm counter ticks/access,0.4958349387207031,0.497314453125,0.01446373200757084,0.485595703125,0.505126953125,0.476806640625,0.513671875,954,0
thunderbird,middle,results/capacity-20260906/thunderbird/refine-middle,random,2560.0,8,1000000,4096,Arm counter ticks/access,0.5743858989257813,0.57421875,0.00868075166864352,0.570556640625,0.578369140625,0.564453125,0.58251953125,9702,0
thunderbird,middle,results/capacity-20260906/thunderbird/refine-middle,random,3072.0,8,1000000,4096,Arm counter ticks/access,0.6181947712402344,0.618896484375,0.01124148453400156,0.614501953125,0.62158203125,0.606689453125,0.626953125,34086,0
thunderbird,middle,results/capacity-20260906/thunderbird/refine-middle,random,4096.0,8,1000000,4096,Arm counter ticks/access,0.653672619140625,0.653564453125,0.008313468324599955,0.64990234375,0.65673828125,0.646484375,0.661376953125,10876,0
thunderbird,middle,results/capacity-20260906/thunderbird/refine-middle,sequential,256.0,8,1000000,4096,Arm counter ticks/access,0.034147449462890625,0.0341796875,0.0012788281236220812,0.0341796875,0.0341796875,0.033935546875,0.0341796875,268635,0
thunderbird,middle,results/capacity-20260906/thunderbird/refine-middle,sequential,512.0,8,1000000,4096,Arm counter ticks/access,0.034605339599609375,0.0341796875,0.0016794699806478065,0.0341796875,0.034912109375,0.033935546875,0.035888671875,24611,0
thunderbird,middle,results/capacity-20260906/thunderbird/refine-middle,sequential,640.0,8,1000000,4096,Arm counter ticks/access,0.03414835986328125,0.0341796875,0.0015571444696695538,0.0341796875,0.0341796875,0.033935546875,0.0341796875,205942,0
thunderbird,middle,results/capacity-20260906/thunderbird/refine-middle,sequential,768.0,8,1000000,4096,Arm counter ticks/access,0.03437233129882813,0.0341796875,0.0016132560668446505,0.0341796875,0.034423828125,0.033935546875,0.035400390625,143176,0
thunderbird,middle,results/capacity-20260906/thunderbird/refine-middle,sequential,896.0,8,1000000,4096,Arm counter ticks/access,0.034419051025390626,0.0341796875,0.0016679229516734103,0.0341796875,0.034423828125,0.033935546875,0.035400390625,156047,0
thunderbird,middle,results/capacity-20260906/thunderbird/refine-middle,sequential,1024.0,8,1000000,4096,Arm counter ticks/access,0.03433182885742188,0.0341796875,0.0016363887741978167,0.0341796875,0.034423828125,0.033935546875,0.03515625,115300,0
thunderbird,middle,results/capacity-20260906/thunderbird/refine-middle,sequential,1152.0,8,1000000,4096,Arm counter ticks/access,0.03428913037109375,0.0341796875,0.0016337970451714978,0.0341796875,0.0341796875,0.033935546875,0.034912109375,307786,0
thunderbird,middle,results/capacity-20260906/thunderbird/refine-middle,sequential,1280.0,8,1000000,4096,Arm counter ticks/access,0.03420693994140625,0.0341796875,0.001595346928604227,0.0341796875,0.0341796875,0.033935546875,0.034423828125,218282,0
thunderbird,middle,results/capacity-20260906/thunderbird/refine-middle,sequential,1536.0,8,1000000,4096,Arm counter ticks/access,0.0341693857421875,0.0341796875,0.001720991254509119,0.0341796875,0.0341796875,0.033935546875,0.0341796875,163055,0
thunderbird,middle,results/capacity-20260906/thunderbird/refine-middle,sequential,1792.0,8,1000000,4096,Arm counter ticks/access,0.03419024584960938,0.0341796875,0.00161978770976222,0.0341796875,0.0341796875,0.033935546875,0.034423828125,159929,0
thunderbird,middle,results/capacity-20260906/thunderbird/refine-middle,sequential,2048.0,8,1000000,4096,Arm counter ticks/access,0.0341776005859375,0.0341796875,0.0015820255782752373,0.0341796875,0.0341796875,0.033935546875,0.0341796875,104767,0
thunderbird,middle,results/capacity-20260906/thunderbird/refine-middle,sequential,2560.0,8,1000000,4096,Arm counter ticks/access,0.03375098852539062,0.03369140625,0.001590495274140299,0.03369140625,0.03369140625,0.033447265625,0.0341796875,491035,0
thunderbird,middle,results/capacity-20260906/thunderbird/refine-middle,sequential,3072.0,8,1000000,4096,Arm counter ticks/access,0.03382865112304687,0.03369140625,0.001616012709886783,0.03369140625,0.0341796875,0.033447265625,0.0341796875,604,0
thunderbird,middle,results/capacity-20260906/thunderbird/refine-middle,sequential,4096.0,8,1000000,4096,Arm counter ticks/access,0.03392474926757812,0.033935546875,0.001613117212065669,0.03369140625,0.0341796875,0.033447265625,0.0341796875,643,0
thunderbird,large,results/capacity-20260906/thunderbird/refine-large,empty,16384.0,8,1000000,4096,Arm counter ticks/timer pair,0.917266,1.0,1.8150797171910609,1.0,1.0,0.0,1.0,88448,87391
thunderbird,large,results/capacity-20260906/thunderbird/refine-large,random,16384.0,8,1000000,4096,Arm counter ticks/access,0.8313651379394531,0.825927734375,0.07377995552751349,0.807373046875,0.840576171875,0.75439453125,0.960205078125,251696,0
thunderbird,large,results/capacity-20260906/thunderbird/refine-large,random,18432.0,8,1000000,4096,Arm counter ticks/access,0.7711825759277344,0.759765625,0.05874180761228614,0.75732421875,0.7626953125,0.75439453125,0.8212890625,106501,0
thunderbird,large,results/capacity-20260906/thunderbird/refine-large,random,20480.0,8,1000000,4096,Arm counter ticks/access,0.7745390041503907,0.773681640625,0.012177513857445687,0.77099609375,0.776611328125,0.76708984375,0.7822265625,31536,0
thunderbird,large,results/capacity-20260906/thunderbird/refine-large,random,22528.0,8,1000000,4096,Arm counter ticks/access,0.7962412065429687,0.794677734375,0.014930739829571786,0.79052734375,0.7998046875,0.78515625,0.81005859375,30621,0
thunderbird,large,results/capacity-20260906/thunderbird/refine-large,random,24576.0,8,1000000,4096,Arm counter ticks/access,0.8748077531738281,0.86328125,0.09010529885057923,0.857177734375,0.86962890625,0.848876953125,0.884033203125,42134,0
thunderbird,large,results/capacity-20260906/thunderbird/refine-large,random,26624.0,8,1000000,4096,Arm counter ticks/access,0.9489672150878906,0.947265625,0.019385124514993635,0.93994140625,0.955078125,0.93017578125,0.96923828125,24772,0
thunderbird,large,results/capacity-20260906/thunderbird/refine-large,random,28672.0,8,1000000,4096,Arm counter ticks/access,1.5911120871582032,1.6552734375,0.20285722316754254,1.534912109375,1.721435546875,1.106201171875,1.802490234375,126223,0
thunderbird,large,results/capacity-20260906/thunderbird/refine-large,random,30720.0,8,1000000,4096,Arm counter ticks/access,1.193507564453125,1.19140625,0.025831659857950915,1.18017578125,1.203369140625,1.1650390625,1.224609375,22277,0
thunderbird,large,results/capacity-20260906/thunderbird/refine-large,random,32768.0,8,1000000,4096,Arm counter ticks/access,1.2973930908203124,1.29541015625,0.025131008793210168,1.2822265625,1.31005859375,1.26513671875,1.334228515625,14383,0
thunderbird,large,results/capacity-20260906/thunderbird/refine-large,random,40960.0,8,1000000,4096,Arm counter ticks/access,1.8921155385742188,1.9228515625,0.13420757117941146,1.845703125,1.98828125,1.5927734375,2.03125,111497,0
thunderbird,large,results/capacity-20260906/thunderbird/refine-large,random,49152.0,8,1000000,4096,Arm counter ticks/access,1.80534439453125,1.693603515625,0.17731394918574153,1.676025390625,2.01171875,1.65869140625,2.107177734375,168,0
thunderbird,large,results/capacity-20260906/thunderbird/refine-large,random,57344.0,8,1000000,4096,Arm counter ticks/access,2.0474083051757814,2.1064453125,0.1397249144375002,2.030517578125,2.141845703125,1.764404296875,2.171142578125,191508,0
thunderbird,large,results/capacity-20260906/thunderbird/refine-large,random,65536.0,8,1000000,4096,Arm counter ticks/access,1.828877111328125,1.828369140625,0.021927114264861203,1.81689453125,1.840087890625,1.80078125,1.858154296875,11091,0
thunderbird,large,results/capacity-20260906/thunderbird/refine-large,sequential,16384.0,8,1000000,4096,Arm counter ticks/access,0.03371048315429687,0.03369140625,0.0016640794736235214,0.033447265625,0.03369140625,0.033447265625,0.0341796875,121155,0
thunderbird,large,results/capacity-20260906/thunderbird/refine-large,sequential,18432.0,8,1000000,4096,Arm counter ticks/access,0.03370502099609375,0.03369140625,0.0016410487279020485,0.033447265625,0.03369140625,0.033447265625,0.0341796875,108217,0
thunderbird,large,results/capacity-20260906/thunderbird/refine-large,sequential,20480.0,8,1000000,4096,Arm counter ticks/access,0.03371596069335937,0.03369140625,0.0016828502807024383,0.033447265625,0.03369140625,0.033447265625,0.0341796875,103114,0
thunderbird,large,results/capacity-20260906/thunderbird/refine-large,sequential,22528.0,8,1000000,4096,Arm counter ticks/access,0.0337318935546875,0.03369140625,0.0018722098448760282,0.033447265625,0.03369140625,0.033447265625,0.0341796875,119187,0
thunderbird,large,results/capacity-20260906/thunderbird/refine-large,sequential,24576.0,8,1000000,4096,Arm counter ticks/access,0.0337949541015625,0.03369140625,0.0017680768989015666,0.03369140625,0.033935546875,0.033447265625,0.034423828125,86399,0
thunderbird,large,results/capacity-20260906/thunderbird/refine-large,sequential,26624.0,8,1000000,4096,Arm counter ticks/access,0.03399660107421875,0.03369140625,0.025248180257706195,0.03369140625,0.0341796875,0.033447265625,0.034912109375,39352,0
thunderbird,large,results/capacity-20260906/thunderbird/refine-large,sequential,28672.0,8,1000000,4096,Arm counter ticks/access,0.034321636474609375,0.0341796875,0.0019235978254874392,0.033935546875,0.03466796875,0.03369140625,0.035400390625,17260,0
thunderbird,large,results/capacity-20260906/thunderbird/refine-large,sequential,30720.0,8,1000000,4096,Arm counter ticks/access,0.0343494931640625,0.0341796875,0.0018669334596557315,0.033935546875,0.03466796875,0.033447265625,0.035400390625,21183,0
thunderbird,large,results/capacity-20260906/thunderbird/refine-large,sequential,32768.0,8,1000000,4096,Arm counter ticks/access,0.03458348022460937,0.034423828125,0.001923491876926986,0.0341796875,0.034912109375,0.03369140625,0.03564453125,21209,0
thunderbird,large,results/capacity-20260906/thunderbird/refine-large,sequential,40960.0,8,1000000,4096,Arm counter ticks/access,0.03514378247070313,0.03515625,0.0019116338849178847,0.03466796875,0.03564453125,0.0341796875,0.036376953125,5434,0
thunderbird,large,results/capacity-20260906/thunderbird/refine-large,sequential,49152.0,8,1000000,4096,Arm counter ticks/access,0.03521446606445312,0.03515625,0.0018895085571801725,0.03466796875,0.03564453125,0.0341796875,0.036376953125,5800,0
thunderbird,large,results/capacity-20260906/thunderbird/refine-large,sequential,57344.0,8,1000000,4096,Arm counter ticks/access,0.03536263500976562,0.03515625,0.0018844033145972436,0.034912109375,0.035888671875,0.034423828125,0.03662109375,7031,0
thunderbird,large,results/capacity-20260906/thunderbird/refine-large,sequential,65536.0,8,1000000,4096,Arm counter ticks/access,0.03540476806640625,0.035400390625,0.0021470185446030737,0.034912109375,0.035888671875,0.034423828125,0.03662109375,3119,0
skylark,full,results/capacity-20260906/skylark/full,empty,4.0,8,1000000,4096,TSC ticks/timer pair,69.708672,72.0,22.239751945626153,72.0,72.0,48.0,72.0,181673,0
skylark,full,results/capacity-20260906/skylark/full,random,4.0,8,1000000,4096,TSC ticks/access,2.9436238359375,2.923828125,0.8635316867749223,2.923828125,2.9296875,2.923828125,2.9296875,22445,0
skylark,full,results/capacity-20260906/skylark/full,random,8.0,8,1000000,4096,TSC ticks/access,2.94358892578125,2.923828125,0.8689213138196384,2.923828125,2.9296875,2.923828125,2.9296875,22144,0
skylark,full,results/capacity-20260906/skylark/full,random,16.0,8,1000000,4096,TSC ticks/access,2.940817154296875,2.923828125,0.3941412462130498,2.923828125,2.9296875,2.923828125,2.9296875,19402,0
skylark,full,results/capacity-20260906/skylark/full,random,32.0,8,1000000,4096,TSC ticks/access,3.01073642578125,2.994140625,0.866357898434495,2.982421875,3.005859375,2.96484375,3.0234375,23971,0
skylark,full,results/capacity-20260906/skylark/full,random,64.0,8,1000000,4096,TSC ticks/access,6.1420783828125,6.076171875,0.981072064072923,6.05859375,6.099609375,6.029296875,6.228515625,64239,0
skylark,full,results/capacity-20260906/skylark/full,random,128.0,8,1000000,4096,TSC ticks/access,7.47827216015625,7.44140625,0.6147038036775263,7.423828125,7.48828125,7.412109375,7.5,25792,0
skylark,full,results/capacity-20260906/skylark/full,random,256.0,8,1000000,4096,TSC ticks/access,8.259427060546875,8.16796875,1.0733700046917276,8.138671875,8.197265625,8.091796875,9.09375,65065,0
skylark,full,results/capacity-20260906/skylark/full,random,512.0,8,1000000,4096,TSC ticks/access,14.68571441015625,14.51953125,1.5205681408638438,14.42578125,14.625,14.314453125,16.01953125,95619,0
skylark,full,results/capacity-20260906/skylark/full,random,1024.0,8,1000000,4096,TSC ticks/access,22.851532412109375,22.640625,2.0103157490871015,22.517578125,22.8046875,22.37109375,24.193359375,93172,0
skylark,full,results/capacity-20260906/skylark/full,random,2048.0,8,1000000,4096,TSC ticks/access,23.66241805078125,23.490234375,1.9883449485697648,23.396484375,23.6015625,23.267578125,24.755859375,90094,0
skylark,full,results/capacity-20260906/skylark/full,random,4096.0,8,1000000,4096,TSC ticks/access,26.006421685546876,25.8046875,2.038511922437319,25.72265625,25.904296875,25.634765625,27.076171875,93128,0
skylark,full,results/capacity-20260906/skylark/full,random,8192.0,8,1000000,4096,TSC ticks/access,27.077265890625,26.953125,1.9770010793643475,26.888671875,27.017578125,26.818359375,28.0078125,82975,0
skylark,full,results/capacity-20260906/skylark/full,random,16384.0,8,1000000,4096,TSC ticks/access,28.93145661328125,28.564453125,2.424165940392993,28.318359375,29.0390625,28.048828125,30.978515625,105423,0
skylark,full,results/capacity-20260906/skylark/full,random,32768.0,8,1000000,4096,TSC ticks/access,158.8807197480469,158.326171875,5.835711656600556,156.603515625,160.4765625,154.400390625,164.94140625,25335,0
skylark,full,results/capacity-20260906/skylark/full,random,65536.0,8,1000000,4096,TSC ticks/access,217.80030840820314,217.623046875,6.158850780908914,216.275390625,219.01171875,214.388671875,221.16796875,11458,0
skylark,full,results/capacity-20260906/skylark/full,random,131072.0,8,1000000,4096,TSC ticks/access,247.60427147460936,247.359375,6.4207118347457035,246.17578125,248.630859375,244.54072265625,250.78125,15351,0
skylark,full,results/capacity-20260906/skylark/full,random,262144.0,8,1000000,4096,TSC ticks/access,264.77109741796875,264.486328125,6.58262749954609,263.4375,265.634765625,262.01953125,267.78515625,20130,0
skylark,full,results/capacity-20260906/skylark/full,sequential,4.0,8,1000000,4096,TSC ticks/access,2.9594064375,2.923828125,0.8693352720160094,2.923828125,2.9296875,2.923828125,2.9296875,46900,0
skylark,full,results/capacity-20260906/skylark/full,sequential,8.0,8,1000000,4096,TSC ticks/access,2.958698302734375,2.923828125,0.8702232559826025,2.923828125,2.9296875,2.923828125,2.9296875,45786,0
skylark,full,results/capacity-20260906/skylark/full,sequential,16.0,8,1000000,4096,TSC ticks/access,2.9572630078125,2.923828125,0.40920410124107853,2.923828125,2.9296875,2.923828125,2.9296875,45461,0
skylark,full,results/capacity-20260906/skylark/full,sequential,32.0,8,1000000,4096,TSC ticks/access,2.9455419375,2.9296875,0.3883299577040578,2.9296875,2.9296875,2.9296875,2.935546875,130366,0
skylark,full,results/capacity-20260906/skylark/full,sequential,64.0,8,1000000,4096,TSC ticks/access,2.9456581640625,2.9296875,0.8639992307579594,2.9296875,2.9296875,2.923828125,2.935546875,227161,0
skylark,full,results/capacity-20260906/skylark/full,sequential,128.0,8,1000000,4096,TSC ticks/access,2.9427909140625,2.9296875,0.3890212433462358,2.923828125,2.9296875,2.923828125,2.9296875,21178,0
skylark,full,results/capacity-20260906/skylark/full,sequential,256.0,8,1000000,4096,TSC ticks/access,2.95835129296875,2.9296875,0.40395698650536316,2.923828125,2.9296875,2.923828125,2.935546875,48953,0
skylark,full,results/capacity-20260906/skylark/full,sequential,512.0,8,1000000,4096,TSC ticks/access,2.96141173828125,2.9296875,0.8728639832565216,2.923828125,2.9296875,2.923828125,2.947265625,98616,0
skylark,full,results/capacity-20260906/skylark/full,sequential,1024.0,8,1000000,4096,TSC ticks/access,2.9604114140625,2.9296875,0.8752466978073139,2.923828125,2.9296875,2.923828125,2.947265625,119097,0
skylark,full,results/capacity-20260906/skylark/full,sequential,2048.0,8,1000000,4096,TSC ticks/access,2.960739474609375,2.9296875,0.8752290228108365,2.923828125,2.9296875,2.923828125,2.947265625,127717,0
skylark,full,results/capacity-20260906/skylark/full,sequential,4096.0,8,1000000,4096,TSC ticks/access,2.94248615625,2.9296875,0.3956521048253567,2.923828125,2.9296875,2.923828125,2.94140625,89565,0
skylark,full,results/capacity-20260906/skylark/full,sequential,8192.0,8,1000000,4096,TSC ticks/access,2.95872594140625,2.9296875,0.4082613785783994,2.923828125,2.9296875,2.923828125,2.94140625,104564,0
skylark,full,results/capacity-20260906/skylark/full,sequential,16384.0,8,1000000,4096,TSC ticks/access,2.96815255078125,2.9296875,0.4340366392341404,2.923828125,2.9296875,2.923828125,3.064453125,188004,0
skylark,full,results/capacity-20260906/skylark/full,sequential,32768.0,8,1000000,4096,TSC ticks/access,3.057133166015625,3.064453125,0.9016444866128372,2.9296875,3.0703125,2.923828125,3.146484375,40144,0
skylark,full,results/capacity-20260906/skylark/full,sequential,65536.0,8,1000000,4096,TSC ticks/access,3.040779046875,3.064453125,0.8878463917275977,2.9296875,3.0703125,2.923828125,3.099609375,17066,0
skylark,full,results/capacity-20260906/skylark/full,sequential,131072.0,8,1000000,4096,TSC ticks/access,3.040623767578125,3.064453125,0.45158888060869584,2.9296875,3.0703125,2.923828125,3.099609375,18226,0
skylark,full,results/capacity-20260906/skylark/full,sequential,262144.0,8,1000000,4096,TSC ticks/access,3.0423068203125,3.064453125,0.43096939238705256,2.9296875,3.0703125,2.923828125,3.099609375,20285,0
skylark,small,results/capacity-20260906/skylark/refine-small,empty,16.0,8,1000000,4096,TSC ticks/timer pair,69.39876,72.0,36.19086973590787,72.0,72.0,48.0,72.0,173707,0
skylark,small,results/capacity-20260906/skylark/refine-small,random,16.0,8,1000000,4096,TSC ticks/access,2.93730146484375,2.923828125,0.384254222447988,2.923828125,2.9296875,2.923828125,2.9296875,13481,0
skylark,small,results/capacity-20260906/skylark/refine-small,random,24.0,8,1000000,4096,TSC ticks/access,2.9438573671875,2.923828125,0.8531360334001858,2.923828125,2.9296875,2.923828125,2.9296875,22835,0
skylark,small,results/capacity-20260906/skylark/refine-small,random,28.0,8,1000000,4096,TSC ticks/access,2.9417861953125,2.9296875,0.3736053620993794,2.923828125,2.9296875,2.923828125,2.935546875,26030,0
skylark,small,results/capacity-20260906/skylark/refine-small,random,32.0,8,1000000,4096,TSC ticks/access,2.993847322265625,2.9765625,0.8686681981089298,2.96484375,2.98828125,2.94140625,3.01171875,25145,0
skylark,small,results/capacity-20260906/skylark/refine-small,random,36.0,8,1000000,4096,TSC ticks/access,3.746784826171875,3.71484375,0.44738543566095584,3.697265625,3.732421875,3.673828125,3.7734375,41064,0
skylark,small,results/capacity-20260906/skylark/refine-small,random,40.0,8,1000000,4096,TSC ticks/access,4.33546301953125,4.3125,0.469814674188798,4.294921875,4.330078125,4.265625,4.365234375,34393,0
skylark,small,results/capacity-20260906/skylark/refine-small,random,44.0,8,1000000,4096,TSC ticks/access,4.73761749609375,4.716796875,0.932115910359547,4.693359375,4.74609375,4.65234375,4.78125,24939,0
skylark,small,results/capacity-20260906/skylark/refine-small,random,48.0,8,1000000,4096,TSC ticks/access,5.154774181640625,5.126953125,0.9289386776333963,5.103515625,5.15625,5.07421875,5.185546875,30676,0
skylark,small,results/capacity-20260906/skylark/refine-small,random,52.0,8,1000000,4096,TSC ticks/access,5.49044237109375,5.4609375,0.9413081222332035,5.4375,5.478515625,5.4140625,5.51953125,30194,0
skylark,small,results/capacity-20260906/skylark/refine-small,random,56.0,8,1000000,4096,TSC ticks/access,5.67958747265625,5.654296875,0.9414430209390195,5.63671875,5.677734375,5.619140625,5.73046875,43421,0
skylark,small,results/capacity-20260906/skylark/refine-small,random,60.0,8,1000000,4096,TSC ticks/access,5.87500255078125,5.84765625,0.9478020442875743,5.82421875,5.876953125,5.7890625,5.9296875,27735,0
skylark,small,results/capacity-20260906/skylark/refine-small,random,64.0,8,1000000,4096,TSC ticks/access,6.117944173828125,6.076171875,0.9632358093134399,6.05859375,6.099609375,6.052734375,6.10546875,32071,0
skylark,small,results/capacity-20260906/skylark/refine-small,sequential,16.0,8,1000000,4096,TSC ticks/access,2.952495486328125,2.923828125,0.40744098006884083,2.923828125,2.9296875,2.923828125,2.9296875,36414,0
skylark,small,results/capacity-20260906/skylark/refine-small,sequential,24.0,8,1000000,4096,TSC ticks/access,2.937356677734375,2.923828125,0.3669898976081426,2.923828125,2.9296875,2.923828125,2.9296875,14083,0
skylark,small,results/capacity-20260906/skylark/refine-small,sequential,28.0,8,1000000,4096,TSC ticks/access,2.943764244140625,2.9296875,0.37145958297751114,2.9296875,2.9296875,2.923828125,2.935546875,209142,0
skylark,small,results/capacity-20260906/skylark/refine-small,sequential,32.0,8,1000000,4096,TSC ticks/access,2.94143240625,2.9296875,0.8650780237118073,2.9296875,2.9296875,2.9296875,2.935546875,155159,0
skylark,small,results/capacity-20260906/skylark/refine-small,sequential,36.0,8,1000000,4096,TSC ticks/access,2.956820197265625,2.9296875,0.8713815601332718,2.9296875,2.9296875,2.923828125,2.935546875,140711,0
skylark,small,results/capacity-20260906/skylark/refine-small,sequential,40.0,8,1000000,4096,TSC ticks/access,2.94127482421875,2.9296875,0.8537824567408316,2.9296875,2.9296875,2.923828125,2.9296875,189992,0
skylark,small,results/capacity-20260906/skylark/refine-small,sequential,44.0,8,1000000,4096,TSC ticks/access,2.939260751953125,2.9296875,0.8619555054621906,2.9296875,2.9296875,2.923828125,2.9296875,190432,0
skylark,small,results/capacity-20260906/skylark/refine-small,sequential,48.0,8,1000000,4096,TSC ticks/access,2.9420484140625,2.9296875,0.8724679677434886,2.9296875,2.9296875,2.923828125,2.935546875,233283,0
skylark,small,results/capacity-20260906/skylark/refine-small,sequential,52.0,8,1000000,4096,TSC ticks/access,2.941619830078125,2.9296875,0.3680410574598538,2.9296875,2.9296875,2.923828125,2.9296875,246253,0
skylark,small,results/capacity-20260906/skylark/refine-small,sequential,56.0,8,1000000,4096,TSC ticks/access,2.955701220703125,2.9296875,0.4018202297338265,2.9296875,2.9296875,2.923828125,2.935546875,302778,0
skylark,small,results/capacity-20260906/skylark/refine-small,sequential,60.0,8,1000000,4096,TSC ticks/access,2.9540616328125,2.9296875,0.8804251123942728,2.9296875,2.9296875,2.923828125,2.9296875,289484,0
skylark,small,results/capacity-20260906/skylark/refine-small,sequential,64.0,8,1000000,4096,TSC ticks/access,2.94326187890625,2.9296875,0.8575591037831457,2.923828125,2.9296875,2.923828125,2.935546875,18905,0
skylark,middle,results/capacity-20260906/skylark/refine-middle,empty,256.0,8,1000000,4096,TSC ticks/timer pair,69.733512,72.0,25.858725506481193,72.0,72.0,48.0,72.0,181487,0
skylark,middle,results/capacity-20260906/skylark/refine-middle,random,256.0,8,1000000,4096,TSC ticks/access,8.19283004296875,8.150390625,1.2768974426275077,8.12109375,8.1796875,8.080078125,8.23828125,35245,0
skylark,middle,results/capacity-20260906/skylark/refine-middle,random,320.0,8,1000000,4096,TSC ticks/access,10.48975679296875,10.412109375,1.3569513039859942,10.353515625,10.48828125,10.265625,10.91015625,63750,0
skylark,middle,results/capacity-20260906/skylark/refine-middle,random,384.0,8,1000000,4096,TSC ticks/access,12.956023939453125,12.896484375,1.3837144382973068,12.826171875,12.966796875,12.732421875,13.212890625,54438,0
skylark,middle,results/capacity-20260906/skylark/refine-middle,random,448.0,8,1000000,4096,TSC ticks/access,13.681648400390625,13.599609375,1.6034864124113666,13.517578125,13.693359375,13.39453125,14.3203125,91617,0
skylark,middle,results/capacity-20260906/skylark/refine-middle,random,512.0,8,1000000,4096,TSC ticks/access,15.106406279296875,15.005859375,1.4577483929465944,14.900390625,15.12890625,14.771484375,15.76171875,84075,0
skylark,middle,results/capacity-20260906/skylark/refine-middle,random,576.0,8,1000000,4096,TSC ticks/access,16.749496921875,16.669921875,1.6668349600692058,16.5234375,16.8046875,16.365234375,17.4140625,63325,0
skylark,middle,results/capacity-20260906/skylark/refine-middle,random,640.0,8,1000000,4096,TSC ticks/access,16.7522628046875,16.634765625,1.6825893989604137,16.541015625,16.7578125,16.40625,17.5546875,88392,0
skylark,middle,results/capacity-20260906/skylark/refine-middle,random,704.0,8,1000000,4096,TSC ticks/access,19.453516341796874,19.32421875,1.7340453175650876,19.189453125,19.517578125,19.01953125,20.35546875,64886,0
skylark,middle,results/capacity-20260906/skylark/refine-middle,random,768.0,8,1000000,4096,TSC ticks/access,20.071495001953124,19.986328125,1.71367138482267,19.857421875,20.12109375,19.623046875,20.84765625,81206,0
skylark,middle,results/capacity-20260906/skylark/refine-middle,random,896.0,8,1000000,4096,TSC ticks/access,21.23130104296875,21.09375,1.7534758923334768,20.98828125,21.234375,20.841796875,22.23046875,90862,0
skylark,middle,results/capacity-20260906/skylark/refine-middle,random,1024.0,8,1000000,4096,TSC ticks/access,23.53589258203125,23.431640625,1.9348542240221676,23.326171875,23.548828125,23.14453125,24.4921875,80161,0
skylark,middle,results/capacity-20260906/skylark/refine-middle,sequential,256.0,8,1000000,4096,TSC ticks/access,2.941894921875,2.9296875,0.8625779404202171,2.923828125,2.9296875,2.923828125,2.935546875,18266,0
skylark,middle,results/capacity-20260906/skylark/refine-middle,sequential,320.0,8,1000000,4096,TSC ticks/access,2.941529642578125,2.9296875,0.37112277720208425,2.923828125,2.9296875,2.923828125,2.935546875,18768,0
skylark,middle,results/capacity-20260906/skylark/refine-middle,sequential,384.0,8,1000000,4096,TSC ticks/access,2.940171955078125,2.9296875,0.8648433925235773,2.923828125,2.9296875,2.923828125,2.94140625,198708,0
skylark,middle,results/capacity-20260906/skylark/refine-middle,sequential,448.0,8,1000000,4096,TSC ticks/access,2.94401171484375,2.9296875,0.3938426186808722,2.923828125,2.9296875,2.923828125,2.9296875,22841,0
skylark,middle,results/capacity-20260906/skylark/refine-middle,sequential,512.0,8,1000000,4096,TSC ticks/access,2.942277884765625,2.9296875,0.8673659143187018,2.923828125,2.9296875,2.923828125,2.94140625,78852,0
skylark,middle,results/capacity-20260906/skylark/refine-middle,sequential,576.0,8,1000000,4096,TSC ticks/access,2.941251990234375,2.9296875,0.38897423954393034,2.923828125,2.9296875,2.923828125,2.94140625,63551,0
skylark,middle,results/capacity-20260906/skylark/refine-middle,sequential,640.0,8,1000000,4096,TSC ticks/access,2.941712337890625,2.9296875,0.396576206483833,2.923828125,2.9296875,2.923828125,2.94140625,143508,0
skylark,middle,results/capacity-20260906/skylark/refine-middle,sequential,704.0,8,1000000,4096,TSC ticks/access,2.941384986328125,2.9296875,0.867452216469497,2.923828125,2.9296875,2.923828125,2.94140625,51466,0
skylark,middle,results/capacity-20260906/skylark/refine-middle,sequential,768.0,8,1000000,4096,TSC ticks/access,2.94229257421875,2.9296875,0.8693592808392329,2.923828125,2.9296875,2.923828125,2.935546875,42788,0
skylark,middle,results/capacity-20260906/skylark/refine-middle,sequential,896.0,8,1000000,4096,TSC ticks/access,2.942202767578125,2.9296875,0.38980429862844684,2.923828125,2.9296875,2.923828125,2.94140625,102164,0
skylark,middle,results/capacity-20260906/skylark/refine-middle,sequential,1024.0,8,1000000,4096,TSC ticks/access,2.938361150390625,2.9296875,0.3866947701855018,2.923828125,2.9296875,2.923828125,2.94140625,139379,0
skylark,large,results/capacity-20260906/skylark/refine-large,empty,8192.0,8,1000000,4096,TSC ticks/timer pair,69.040368,72.0,28.676194879180336,72.0,72.0,48.0,72.0,164766,0
skylark,large,results/capacity-20260906/skylark/refine-large,random,8192.0,8,1000000,4096,TSC ticks/access,27.128727392578124,26.953125,21.639461873270527,26.888671875,27.017578125,26.818359375,27.984375,73838,0
skylark,large,results/capacity-20260906/skylark/refine-large,random,12288.0,8,1000000,4096,TSC ticks/access,27.567330474609374,27.380859375,2.2030201021808544,27.31640625,27.462890625,27.240234375,28.517578125,110752,0
skylark,large,results/capacity-20260906/skylark/refine-large,random,14336.0,8,1000000,4096,TSC ticks/access,27.632148158203126,27.46875,2.0021832531225456,27.416015625,27.568359375,27.33984375,28.517578125,133585,0
skylark,large,results/capacity-20260906/skylark/refine-large,random,16384.0,8,1000000,4096,TSC ticks/access,28.987334830078126,28.611328125,2.376270455218649,28.353515625,29.173828125,28.072265625,31.177734375,99711,0
skylark,large,results/capacity-20260906/skylark/refine-large,random,18432.0,8,1000000,4096,TSC ticks/access,60.966383625,60.767578125,4.208643112918238,59.736328125,61.904296875,58.2890625,63.837890625,18165,0
skylark,large,results/capacity-20260906/skylark/refine-large,random,20480.0,8,1000000,4096,TSC ticks/access,85.42431108398438,85.25390625,4.240637863968665,83.888671875,86.73046875,81.99609375,89.126953125,11721,0
skylark,large,results/capacity-20260906/skylark/refine-large,random,22528.0,8,1000000,4096,TSC ticks/access,104.74878396679688,104.61328125,4.56251792362817,103.166015625,106.13671875,101.150390625,108.474609375,11807,0
skylark,large,results/capacity-20260906/skylark/refine-large,random,24576.0,8,1000000,4096,TSC ticks/access,120.83279254101562,120.703125,4.891924305361313,119.162109375,122.291015625,117.005859375,124.72265625,10261,0
skylark,large,results/capacity-20260906/skylark/refine-large,random,26624.0,8,1000000,4096,TSC ticks/access,133.37966424023438,133.359375,5.618198686148244,131.47265625,135.181640625,128.390625,137.80078125,11378,0
skylark,large,results/capacity-20260906/skylark/refine-large,random,28672.0,8,1000000,4096,TSC ticks/access,142.48316728125,142.18359375,5.720398794033657,139.880859375,144.826171875,137.37890625,148.0078125,2081,0
skylark,large,results/capacity-20260906/skylark/refine-large,random,30720.0,8,1000000,4096,TSC ticks/access,151.68765956835938,151.037109375,20.762136811784032,148.93359375,153.931640625,146.4375,157.705078125,4564,0
skylark,large,results/capacity-20260906/skylark/refine-large,random,32768.0,8,1000000,4096,TSC ticks/access,158.810110078125,158.279296875,5.9130813772495,156.580078125,160.359375,154.3828125,164.77734375,25711,0
skylark,large,results/capacity-20260906/skylark/refine-large,random,49152.0,8,1000000,4096,TSC ticks/access,198.1146317519531,197.958984375,5.960184784641184,196.51171875,199.447265625,194.431640625,201.6796875,10298,0
skylark,large,results/capacity-20260906/skylark/refine-large,random,65536.0,8,1000000,4096,TSC ticks/access,217.96282109765625,217.787109375,6.120999093531329,216.41015625,219.2109375,214.494140625,221.396484375,10598,0
skylark,large,results/capacity-20260906/skylark/refine-large,sequential,8192.0,8,1000000,4096,TSC ticks/access,2.94497025,2.9296875,0.8690608363929136,2.923828125,2.9296875,2.923828125,2.94140625,81090,0
skylark,large,results/capacity-20260906/skylark/refine-large,sequential,12288.0,8,1000000,4096,TSC ticks/access,2.940683994140625,2.9296875,0.3957532896473899,2.923828125,2.9296875,2.923828125,2.94140625,68816,0
skylark,large,results/capacity-20260906/skylark/refine-large,sequential,14336.0,8,1000000,4096,TSC ticks/access,2.947490091796875,2.9296875,0.40545439849912884,2.923828125,2.9296875,2.923828125,2.94140625,88575,0
skylark,large,results/capacity-20260906/skylark/refine-large,sequential,16384.0,8,1000000,4096,TSC ticks/access,2.95395385546875,2.9296875,0.8864058663063834,2.923828125,2.9296875,2.923828125,3.041015625,165986,0
skylark,large,results/capacity-20260906/skylark/refine-large,sequential,18432.0,8,1000000,4096,TSC ticks/access,3.030914056640625,3.052734375,0.8844854644155277,2.9296875,3.064453125,2.923828125,3.09375,14721,0
skylark,large,results/capacity-20260906/skylark/refine-large,sequential,20480.0,8,1000000,4096,TSC ticks/access,3.037035169921875,3.05859375,0.4320165005801229,2.9296875,3.0703125,2.923828125,3.099609375,16631,0
skylark,large,results/capacity-20260906/skylark/refine-large,sequential,22528.0,8,1000000,4096,TSC ticks/access,3.052551322265625,3.064453125,0.9029576471468166,2.9296875,3.0703125,2.923828125,3.1171875,32910,0
skylark,large,results/capacity-20260906/skylark/refine-large,sequential,24576.0,8,1000000,4096,TSC ticks/access,3.037422908203125,3.064453125,0.8843146846739449,2.9296875,3.0703125,2.923828125,3.09375,13539,0
skylark,large,results/capacity-20260906/skylark/refine-large,sequential,26624.0,8,1000000,4096,TSC ticks/access,3.039214494140625,3.064453125,0.42762307496599833,2.9296875,3.0703125,2.923828125,3.099609375,16555,0
skylark,large,results/capacity-20260906/skylark/refine-large,sequential,28672.0,8,1000000,4096,TSC ticks/access,3.04271084765625,3.064453125,0.42925825351785785,2.9296875,3.0703125,2.923828125,3.099609375,20610,0
skylark,large,results/capacity-20260906/skylark/refine-large,sequential,30720.0,8,1000000,4096,TSC ticks/access,3.04191612890625,3.064453125,0.890277789496427,2.9296875,3.0703125,2.923828125,3.099609375,18522,0
skylark,large,results/capacity-20260906/skylark/refine-large,sequential,32768.0,8,1000000,4096,TSC ticks/access,3.039835482421875,3.064453125,0.8894236061585072,2.9296875,3.0703125,2.923828125,3.099609375,15716,0
skylark,large,results/capacity-20260906/skylark/refine-large,sequential,49152.0,8,1000000,4096,TSC ticks/access,3.0398602734375,3.064453125,0.8861142474789382,2.9296875,3.0703125,2.923828125,3.099609375,16057,0
skylark,large,results/capacity-20260906/skylark/refine-large,sequential,65536.0,8,1000000,4096,TSC ticks/access,3.043835865234375,3.064453125,0.8952917380121185,2.9296875,3.0703125,2.923828125,3.099609375,20387,0
artemisia,full,results/capacity-20260906/artemisia/full,empty,4.0,8,1000000,4096,TSC ticks/timer pair,61.83477,62.0,45.23519812347734,60.0,62.0,60.0,64.0,40052,0
artemisia,full,results/capacity-20260906/artemisia/full,random,4.0,8,1000000,4096,TSC ticks/access,5.046747997558594,5.02783203125,1.9167848094713795,5.02197265625,5.033203125,5.01904296875,5.03662109375,18013,0
artemisia,full,results/capacity-20260906/artemisia/full,random,8.0,8,1000000,4096,TSC ticks/access,5.05897757421875,5.03173828125,2.235165550057969,5.02392578125,5.03662109375,5.01904296875,5.09814453125,88490,0
artemisia,full,results/capacity-20260906/artemisia/full,random,16.0,8,1000000,4096,TSC ticks/access,5.04312261328125,5.02734375,1.2740754171909712,5.02197265625,5.033203125,5.0185546875,5.0361328125,11211,0
artemisia,full,results/capacity-20260906/artemisia/full,random,32.0,8,1000000,4096,TSC ticks/access,5.068309682617188,5.0283203125,1.2952127249824779,5.0224609375,5.0341796875,5.01904296875,5.041015625,47046,0
artemisia,full,results/capacity-20260906/artemisia/full,random,64.0,8,1000000,4096,TSC ticks/access,8.29718389892578,8.2158203125,2.2127848074089895,8.1884765625,8.2451171875,8.14794921875,8.33349609375,54264,0
artemisia,full,results/capacity-20260906/artemisia/full,random,128.0,8,1000000,4096,TSC ticks/access,12.331477526855469,12.271484375,1.8321420141451876,12.25634765625,12.33203125,12.23828125,12.35009765625,28594,0
artemisia,full,results/capacity-20260906/artemisia/full,random,256.0,8,1000000,4096,TSC ticks/access,14.249305919921875,14.1669921875,2.466425216585245,14.1279296875,14.2705078125,14.07470703125,14.3740234375,48033,0
artemisia,full,results/capacity-20260906/artemisia/full,random,512.0,8,1000000,4096,TSC ticks/access,16.985034536621093,16.8779296875,2.276857713890513,16.8544921875,16.9365234375,16.83935546875,17.7265625,80561,0
artemisia,full,results/capacity-20260906/artemisia/full,random,1024.0,8,1000000,4096,TSC ticks/access,20.1649012109375,20.02587890625,3.246771566081313,19.990234375,20.07421875,19.91748046875,20.92578125,92867,0
artemisia,full,results/capacity-20260906/artemisia/full,random,2048.0,8,1000000,4096,TSC ticks/access,17.073876951660157,16.18701171875,1.6580063307517867,16.04150390625,17.806640625,15.9365234375,20.2880859375,43232,0
artemisia,full,results/capacity-20260906/artemisia/full,random,4096.0,8,1000000,4096,TSC ticks/access,44.475109797851566,44.20849609375,4.9053579345536,43.89990234375,44.65625,43.517578125,46.06005859375,69426,0
artemisia,full,results/capacity-20260906/artemisia/full,random,8192.0,8,1000000,4096,TSC ticks/access,52.37281180175781,52.05029296875,10.773713114551748,51.71533203125,52.60009765625,51.30322265625,53.96923828125,52246,0
artemisia,full,results/capacity-20260906/artemisia/full,random,16384.0,8,1000000,4096,TSC ticks/access,89.64412868457032,80.53662109375,24.62811759795746,77.06884765625,94.08056640625,75.40283203125,134.74560546875,91581,0
artemisia,full,results/capacity-20260906/artemisia/full,random,32768.0,8,1000000,4096,TSC ticks/access,176.64436175683593,170.15673828125,38.36433751546405,144.13232421875,205.65380859375,129.41650390625,240.49072265625,344,0
artemisia,full,results/capacity-20260906/artemisia/full,random,65536.0,8,1000000,4096,TSC ticks/access,242.55712924658204,243.0830078125,25.176251534397753,226.61181640625,258.82373046875,213.91455078125,267.5595703125,1235,0
artemisia,full,results/capacity-20260906/artemisia/full,random,131072.0,8,1000000,4096,TSC ticks/access,273.46845030712893,274.05224609375,14.448389940754854,268.6258544921875,277.85400390625,261.61376953125,282.73146972656247,6052,0
artemisia,full,results/capacity-20260906/artemisia/full,random,262144.0,8,1000000,4096,TSC ticks/access,274.6847452084961,274.16650390625,13.16481303805529,271.85791015625,276.42236328125,269.00830078125,280.5625,24485,0
artemisia,full,results/capacity-20260906/artemisia/full,sequential,4.0,8,1000000,4096,TSC ticks/access,5.0456938369140625,5.02783203125,1.462651443351104,5.02197265625,5.033203125,5.01904296875,5.0361328125,12909,0
artemisia,full,results/capacity-20260906/artemisia/full,sequential,8.0,8,1000000,4096,TSC ticks/access,5.0466299497070315,5.02734375,1.8704722251999875,5.02197265625,5.033203125,5.01904296875,5.0361328125,12316,0
artemisia,full,results/capacity-20260906/artemisia/full,sequential,16.0,8,1000000,4096,TSC ticks/access,5.046416123046875,5.02734375,1.6768562123594142,5.02197265625,5.033203125,5.0185546875,5.0361328125,11675,0
artemisia,full,results/capacity-20260906/artemisia/full,sequential,32.0,8,1000000,4096,TSC ticks/access,5.0616722114257815,5.02783203125,1.4945500363682025,5.02197265625,5.03369140625,5.01904296875,5.0380859375,38729,0
artemisia,full,results/capacity-20260906/artemisia/full,sequential,64.0,8,1000000,4096,TSC ticks/access,6.402903748046875,6.37353515625,5.598237735460193,6.36669921875,6.37939453125,6.3623046875,6.38525390625,25159,0
artemisia,full,results/capacity-20260906/artemisia/full,sequential,128.0,8,1000000,4096,TSC ticks/access,6.406676715332031,6.384765625,1.288930423872243,6.37841796875,6.39111328125,6.37451171875,6.39501953125,14732,0
artemisia,full,results/capacity-20260906/artemisia/full,sequential,256.0,8,1000000,4096,TSC ticks/access,6.4099395698242185,6.3857421875,0.6166025877587543,6.37890625,6.39208984375,6.375,6.3984375,31045,0
artemisia,full,results/capacity-20260906/artemisia/full,sequential,512.0,8,1000000,4096,TSC ticks/access,6.438494187988281,6.40625,1.5948490170059852,6.39892578125,6.41259765625,6.3955078125,6.517578125,64940,0
artemisia,full,results/capacity-20260906/artemisia/full,sequential,1024.0,8,1000000,4096,TSC ticks/access,6.453447411132813,6.41064453125,1.9224452184763765,6.4013671875,6.4169921875,6.39599609375,6.57080078125,146754,0
artemisia,full,results/capacity-20260906/artemisia/full,sequential,2048.0,8,1000000,4096,TSC ticks/access,8.209753756347656,8.20068359375,2.106397712242418,7.83642578125,8.55517578125,7.37353515625,9.08984375,7946,0
artemisia,full,results/capacity-20260906/artemisia/full,sequential,4096.0,8,1000000,4096,TSC ticks/access,12.351162223632812,12.3427734375,5.841374407424035,12.23828125,12.3984375,12.02197265625,12.48583984375,65964,0
artemisia,full,results/capacity-20260906/artemisia/full,sequential,8192.0,8,1000000,4096,TSC ticks/access,12.348075124511718,12.29052734375,2.864416398861898,12.26416015625,12.3193359375,12.22021484375,12.47265625,84529,0
artemisia,full,results/capacity-20260906/artemisia/full,sequential,16384.0,8,1000000,4096,TSC ticks/access,14.357777361816407,12.39501953125,5.392322496286042,12.306640625,12.96923828125,12.25537109375,27.7275390625,178274,0
artemisia,full,results/capacity-20260906/artemisia/full,sequential,32768.0,8,1000000,4096,TSC ticks/access,31.82173243408203,33.263671875,6.336337271185501,29.73291015625,35.02001953125,22.904296875,35.7578125,39975,0
artemisia,full,results/capacity-20260906/artemisia/full,sequential,65536.0,8,1000000,4096,TSC ticks/access,35.34626630126953,35.24169921875,4.422334162861085,34.9892578125,35.51904296875,34.54833984375,36.3125,64459,0
artemisia,full,results/capacity-20260906/artemisia/full,sequential,131072.0,8,1000000,4096,TSC ticks/access,35.47513140087891,35.31494140625,5.707321925428262,35.1044921875,35.58447265625,34.8232421875,36.41650390625,61672,0
artemisia,full,results/capacity-20260906/artemisia/full,sequential,262144.0,8,1000000,4096,TSC ticks/access,35.45267048388672,35.306640625,4.153114342474979,35.111328125,35.56201171875,34.8408203125,36.37939453125,64555,0
artemisia,small,results/capacity-20260906/artemisia/refine-small,empty,16.0,8,1000000,4096,TSC ticks/timer pair,61.60273,62.0,24.543098396713873,60.0,62.0,60.0,64.0,36993,0
artemisia,small,results/capacity-20260906/artemisia/refine-small,random,16.0,8,1000000,4096,TSC ticks/access,5.045854053222656,5.02783203125,0.2556310523907058,5.02197265625,5.033203125,5.01904296875,5.03662109375,18121,0
artemisia,small,results/capacity-20260906/artemisia/refine-small,random,24.0,8,1000000,4096,TSC ticks/access,5.046157606445313,5.02734375,0.8312666601144431,5.02197265625,5.033203125,5.0185546875,5.0361328125,14607,0
artemisia,small,results/capacity-20260906/artemisia/refine-small,random,28.0,8,1000000,4096,TSC ticks/access,5.051903801757812,5.0283203125,5.335193152604491,5.0224609375,5.03369140625,5.01904296875,5.03759765625,12807,0
artemisia,small,results/capacity-20260906/artemisia/refine-small,random,32.0,8,1000000,4096,TSC ticks/access,5.054011070800781,5.0283203125,5.414974576283201,5.0224609375,5.03369140625,5.01904296875,5.03759765625,15723,0
artemisia,small,results/capacity-20260906/artemisia/refine-small,random,36.0,8,1000000,4096,TSC ticks/access,5.048606712890625,5.0283203125,0.2186783997352644,5.02197265625,5.0341796875,5.01904296875,5.078125,62322,0
artemisia,small,results/capacity-20260906/artemisia/refine-small,random,40.0,8,1000000,4096,TSC ticks/access,5.0873418735351565,5.02880859375,1.123025076621683,5.0224609375,5.0341796875,5.01904296875,5.09130859375,62273,0
artemisia,small,results/capacity-20260906/artemisia/refine-small,random,44.0,8,1000000,4096,TSC ticks/access,5.059631442871094,5.0341796875,0.8893421995397062,5.02734375,5.0400390625,5.02099609375,5.0595703125,50299,0
artemisia,small,results/capacity-20260906/artemisia/refine-small,random,48.0,8,1000000,4096,TSC ticks/access,5.109728098144531,5.07568359375,0.33347064729301257,5.064453125,5.08935546875,5.05029296875,5.13232421875,54972,0
artemisia,small,results/capacity-20260906/artemisia/refine-small,random,52.0,8,1000000,4096,TSC ticks/access,6.077903625488282,6.02734375,6.094254162831355,5.99365234375,6.06689453125,5.94921875,6.15087890625,34538,0
artemisia,small,results/capacity-20260906/artemisia/refine-small,random,56.0,8,1000000,4096,TSC ticks/access,6.965681332519531,6.9267578125,1.421463672961624,6.88916015625,6.96435546875,6.83642578125,7.0302734375,28435,0
artemisia,small,results/capacity-20260906/artemisia/refine-small,random,60.0,8,1000000,4096,TSC ticks/access,7.636927453613281,7.60107421875,1.078573568424989,7.56982421875,7.63330078125,7.525390625,7.68798828125,27242,0
artemisia,small,results/capacity-20260906/artemisia/refine-small,random,64.0,8,1000000,4096,TSC ticks/access,8.254632390625,8.21484375,1.228605719590879,8.18896484375,8.2421875,8.1513671875,8.2919921875,32221,0
artemisia,small,results/capacity-20260906/artemisia/refine-small,random,80.0,8,1000000,4096,TSC ticks/access,9.981154301269532,9.947265625,1.5358212642066071,9.9228515625,9.96337890625,9.857421875,9.99560546875,96492,0
artemisia,small,results/capacity-20260906/artemisia/refine-small,random,96.0,8,1000000,4096,TSC ticks/access,11.063240673339843,11.005859375,0.6804501588500526,10.91259765625,11.0146484375,10.8974609375,11.80517578125,61342,0
artemisia,small,results/capacity-20260906/artemisia/refine-small,random,112.0,8,1000000,4096,TSC ticks/access,11.854582864257813,11.806640625,1.0285849123875788,11.78662109375,11.830078125,11.76806640625,11.84619140625,30503,0
artemisia,small,results/capacity-20260906/artemisia/refine-small,random,128.0,8,1000000,4096,TSC ticks/access,12.335191791503906,12.27685546875,1.4501015857495596,12.26611328125,12.32275390625,12.2412109375,12.34130859375,36293,0
artemisia,small,results/capacity-20260906/artemisia/refine-small,sequential,16.0,8,1000000,4096,TSC ticks/access,5.047449572753906,5.02783203125,1.383471575520854,5.02197265625,5.033203125,5.01904296875,5.03662109375,13852,0
artemisia,small,results/capacity-20260906/artemisia/refine-small,sequential,24.0,8,1000000,4096,TSC ticks/access,5.047166535644531,5.02783203125,1.648715311570371,5.02197265625,5.03369140625,5.0185546875,5.037109375,27664,0
artemisia,small,results/capacity-20260906/artemisia/refine-small,sequential,28.0,8,1000000,4096,TSC ticks/access,5.059505510253906,5.0283203125,5.534641771052865,5.02197265625,5.0341796875,5.01904296875,5.0751953125,72722,0
artemisia,small,results/capacity-20260906/artemisia/refine-small,sequential,32.0,8,1000000,4096,TSC ticks/access,5.090184739257812,5.0283203125,1.1298688401581152,5.0224609375,5.0341796875,5.01904296875,5.373046875,67925,0
artemisia,small,results/capacity-20260906/artemisia/refine-small,sequential,36.0,8,1000000,4096,TSC ticks/access,5.048766641113281,5.02783203125,0.24860194085575615,5.02197265625,5.03369140625,5.01904296875,5.0390625,45661,0
artemisia,small,results/capacity-20260906/artemisia/refine-small,sequential,40.0,8,1000000,4096,TSC ticks/access,5.068207281738281,5.0283203125,0.3216039730148955,5.02197265625,5.0341796875,5.01904296875,5.09375,61298,0
artemisia,small,results/capacity-20260906/artemisia/refine-small,sequential,44.0,8,1000000,4096,TSC ticks/access,5.073411308105468,5.029296875,0.2991644118870968,5.02294921875,5.03466796875,5.01904296875,5.0986328125,63026,0
artemisia,small,results/capacity-20260906/artemisia/refine-small,sequential,48.0,8,1000000,4096,TSC ticks/access,5.150479009765625,5.07421875,0.3768871439481383,5.064453125,5.0849609375,5.05322265625,5.73876953125,82481,0
artemisia,small,results/capacity-20260906/artemisia/refine-small,sequential,52.0,8,1000000,4096,TSC ticks/access,6.396859577636719,6.3720703125,1.2872177290255524,6.36572265625,6.37841796875,6.36083984375,6.3828125,17449,0
artemisia,small,results/capacity-20260906/artemisia/refine-small,sequential,56.0,8,1000000,4096,TSC ticks/access,6.405152676269531,6.380859375,1.369035555854612,6.37548828125,6.38818359375,6.3662109375,6.39501953125,14208,0
artemisia,small,results/capacity-20260906/artemisia/refine-small,sequential,60.0,8,1000000,4096,TSC ticks/access,6.414302689453125,6.38134765625,1.5305653105008734,6.37548828125,6.388671875,6.36767578125,6.3974609375,43674,0
artemisia,small,results/capacity-20260906/artemisia/refine-small,sequential,64.0,8,1000000,4096,TSC ticks/access,6.400168083007813,6.3759765625,1.0933475353338227,6.369140625,6.3818359375,6.36474609375,6.38720703125,16628,0
artemisia,small,results/capacity-20260906/artemisia/refine-small,sequential,80.0,8,1000000,4096,TSC ticks/access,6.41723018359375,6.38671875,0.3555748440984847,6.37939453125,6.392578125,6.375,6.46533203125,72341,0
artemisia,small,results/capacity-20260906/artemisia/refine-small,sequential,96.0,8,1000000,4096,TSC ticks/access,6.414701635253906,6.38671875,0.8242306344829076,6.37939453125,6.392578125,6.375,6.48779296875,71199,0
artemisia,small,results/capacity-20260906/artemisia/refine-small,sequential,112.0,8,1000000,4096,TSC ticks/access,6.4106070131835935,6.384765625,1.3869738789647588,6.37841796875,6.39111328125,6.37451171875,6.39501953125,14569,0
artemisia,small,results/capacity-20260906/artemisia/refine-small,sequential,128.0,8,1000000,4096,TSC ticks/access,6.413695970703125,6.38525390625,2.6207129566583296,6.37841796875,6.3916015625,6.37451171875,6.3955078125,25142,0
artemisia,middle,results/capacity-20260906/artemisia/refine-middle,empty,512.0,8,1000000,4096,TSC ticks/timer pair,61.607458,62.0,28.371555045914764,60.0,62.0,60.0,64.0,36126,0
artemisia,middle,results/capacity-20260906/artemisia/refine-middle,random,512.0,8,1000000,4096,TSC ticks/access,17.012499556640623,16.87646484375,6.206547645593198,16.849609375,16.9365234375,16.83642578125,17.75830078125,72047,0
artemisia,middle,results/capacity-20260906/artemisia/refine-middle,random,768.0,8,1000000,4096,TSC ticks/access,19.029492134277344,18.9501953125,2.825733288534099,18.919921875,18.9853515625,18.861328125,19.271484375,54964,0
artemisia,middle,results/capacity-20260906/artemisia/refine-middle,random,1024.0,8,1000000,4096,TSC ticks/access,20.114907391601562,20.02099609375,6.099205095778357,19.9873046875,20.0625,19.9169921875,20.34765625,76735,0
artemisia,middle,results/capacity-20260906/artemisia/refine-middle,random,1280.0,8,1000000,4096,TSC ticks/access,20.751002604492186,20.62060546875,3.1778538260502196,20.5615234375,20.6923828125,20.46923828125,21.525390625,125258,0
artemisia,middle,results/capacity-20260906/artemisia/refine-middle,random,1536.0,8,1000000,4096,TSC ticks/access,21.56071824951172,21.44921875,2.2084188687665782,21.3876953125,21.54052734375,21.29345703125,22.17626953125,76538,0
artemisia,middle,results/capacity-20260906/artemisia/refine-middle,random,1792.0,8,1000000,4096,TSC ticks/access,24.235020711914064,24.11962890625,6.419891246511034,23.701171875,24.3984375,23.3798828125,25.61962890625,65815,0
artemisia,middle,results/capacity-20260906/artemisia/refine-middle,random,2048.0,8,1000000,4096,TSC ticks/access,27.049429119140626,26.69091796875,3.559667015995431,26.48583984375,27.04833984375,26.17626953125,29.04052734375,131445,0
artemisia,middle,results/capacity-20260906/artemisia/refine-middle,random,2304.0,8,1000000,4096,TSC ticks/access,22.764154935058595,22.09765625,6.479835226769329,21.8095703125,23.22216796875,21.44873046875,25.901879882812466,75742,0
artemisia,middle,results/capacity-20260906/artemisia/refine-middle,random,2560.0,8,1000000,4096,TSC ticks/access,28.00106945703125,27.42822265625,4.142211850078418,27.14306640625,28.33935546875,26.84912109375,30.8154296875,85437,0
artemisia,middle,results/capacity-20260906/artemisia/refine-middle,random,2816.0,8,1000000,4096,TSC ticks/access,32.379747850585936,31.86669921875,6.84226725323554,31.52490234375,32.74658203125,31.1220703125,35.009765625,71764,0
artemisia,middle,results/capacity-20260906/artemisia/refine-middle,random,3072.0,8,1000000,4096,TSC ticks/access,40.24996345410156,39.93701171875,4.804866206755282,39.6826171875,40.33349609375,39.35791015625,41.9794921875,104956,0
artemisia,middle,results/capacity-20260906/artemisia/refine-middle,random,3584.0,8,1000000,4096,TSC ticks/access,40.994249130371095,40.5791015625,7.040726165341304,40.234375,41.37646484375,39.84521484375,43.0810546875,49610,0
artemisia,middle,results/capacity-20260906/artemisia/refine-middle,random,4096.0,8,1000000,4096,TSC ticks/access,48.100143,47.755859375,3.164758297617131,47.43408203125,48.28662109375,47.03515625,49.9921875,78643,0
artemisia,middle,results/capacity-20260906/artemisia/refine-middle,sequential,512.0,8,1000000,4096,TSC ticks/access,6.428279188964844,6.4052734375,0.6102666830245509,6.3984375,6.41162109375,6.39501953125,6.4150390625,15462,0
artemisia,middle,results/capacity-20260906/artemisia/refine-middle,sequential,768.0,8,1000000,4096,TSC ticks/access,6.432662473144531,6.40576171875,1.8745914574082276,6.39892578125,6.412109375,6.39599609375,6.416015625,19908,0
artemisia,middle,results/capacity-20260906/artemisia/refine-middle,sequential,1024.0,8,1000000,4096,TSC ticks/access,6.432797078613281,6.40576171875,1.4677640366472045,6.39892578125,6.412109375,6.39599609375,6.416015625,19761,0
artemisia,middle,results/capacity-20260906/artemisia/refine-middle,sequential,1280.0,8,1000000,4096,TSC ticks/access,6.464755780273437,6.41064453125,1.6569814959919813,6.40087890625,6.41943359375,6.39599609375,6.572265625,162407,0
artemisia,middle,results/capacity-20260906/artemisia/refine-middle,sequential,1536.0,8,1000000,4096,TSC ticks/access,6.637489755859375,6.62060546875,0.39754551789859016,6.4130859375,6.7470703125,6.39794921875,7.0009765625,15469,0
artemisia,middle,results/capacity-20260906/artemisia/refine-middle,sequential,1792.0,8,1000000,4096,TSC ticks/access,7.546961327148438,7.48876953125,1.3904398615842628,7.2490234375,7.75146484375,6.9208984375,8.3515625,35583,0
artemisia,middle,results/capacity-20260906/artemisia/refine-middle,sequential,2048.0,8,1000000,4096,TSC ticks/access,8.38424508544922,8.32275390625,2.5090573826370557,7.7998046875,8.87939453125,7.10595703125,9.76171875,8817,0
artemisia,middle,results/capacity-20260906/artemisia/refine-middle,sequential,2304.0,8,1000000,4096,TSC ticks/access,9.349662229980469,9.2548828125,5.823298559517838,8.89697265625,9.84521484375,8.150390625,10.499536132812466,7881,0
artemisia,middle,results/capacity-20260906/artemisia/refine-middle,sequential,2560.0,8,1000000,4096,TSC ticks/access,10.224358152832032,10.240234375,5.796429857414693,9.7578125,10.64794921875,8.984375,11.400390625,12160,0
artemisia,middle,results/capacity-20260906/artemisia/refine-middle,sequential,2816.0,8,1000000,4096,TSC ticks/access,11.047566669433595,11.0537109375,5.9225470095876425,10.59912109375,11.48583984375,9.9013671875,11.9638671875,18434,0
artemisia,middle,results/capacity-20260906/artemisia/refine-middle,sequential,3072.0,8,1000000,4096,TSC ticks/access,11.8357970859375,11.8134765625,5.552689344176625,11.67236328125,11.962890625,11.23876953125,12.2763671875,74274,0
artemisia,middle,results/capacity-20260906/artemisia/refine-middle,sequential,3584.0,8,1000000,4096,TSC ticks/access,12.284404297363281,12.2998046875,0.5987733773073933,12.16748046875,12.3681640625,11.88818359375,12.44580078125,69908,0
artemisia,middle,results/capacity-20260906/artemisia/refine-middle,sequential,4096.0,8,1000000,4096,TSC ticks/access,12.4460497265625,12.388671875,6.066018283571748,12.35546875,12.41845703125,12.29736328125,12.47119140625,47365,0
artemisia,large,results/capacity-20260906/artemisia/refine-large,empty,8192.0,8,1000000,4096,TSC ticks/timer pair,61.589246,62.0,35.47286049186498,60.0,62.0,60.0,64.0,36154,0
artemisia,large,results/capacity-20260906/artemisia/refine-large,random,8192.0,8,1000000,4096,TSC ticks/access,61.68476947167969,61.30029296875,5.313895688903759,60.85009765625,62.0009765625,60.3701171875,63.7861328125,52207,0
artemisia,large,results/capacity-20260906/artemisia/refine-large,random,12288.0,8,1000000,4096,TSC ticks/access,56.03744227490235,55.5947265625,5.1626746739720595,55.263671875,56.21826171875,54.9169921875,58.001953125,67290,0
artemisia,large,results/capacity-20260906/artemisia/refine-large,random,16384.0,8,1000000,4096,TSC ticks/access,82.0703007680664,78.29052734375,11.664544759904755,76.3740234375,83.22509765625,75.29638671875,101.29396972656247,103857,0
artemisia,large,results/capacity-20260906/artemisia/refine-large,random,20480.0,8,1000000,4096,TSC ticks/access,94.22905754589844,87.25439453125,19.34006982636898,82.11474609375,99.07080078125,80.3271484375,133.43801269531247,81517,0
artemisia,large,results/capacity-20260906/artemisia/refine-large,random,24576.0,8,1000000,4096,TSC ticks/access,113.77413755322266,104.7275390625,27.17935088959819,93.859375,125.60498046875,89.00244140625,168.69482421875,38764,0
artemisia,large,results/capacity-20260906/artemisia/refine-large,random,28672.0,8,1000000,4096,TSC ticks/access,133.8115398305664,126.814208984375,31.76860945551528,107.80224609375,152.0791015625,100.0224609375,194.31401367187493,13984,0
artemisia,large,results/capacity-20260906/artemisia/refine-large,random,32768.0,8,1000000,4096,TSC ticks/access,157.57655835205077,152.1552734375,31.21890273560253,131.8046875,176.7056884765625,123.3837890625,213.94389648437493,4817,0
artemisia,large,results/capacity-20260906/artemisia/refine-large,random,36864.0,8,1000000,4096,TSC ticks/access,180.12441562402344,176.94921875,31.812141720552283,154.265625,201.63818359375,138.2709716796875,234.72412109375,639,0
artemisia,large,results/capacity-20260906/artemisia/refine-large,random,40960.0,8,1000000,4096,TSC ticks/access,199.247266390625,198.521484375,29.445243147529744,177.8720703125,219.5582275390625,155.3901123046875,245.048828125,638,0
artemisia,large,results/capacity-20260906/artemisia/refine-large,random,49152.0,8,1000000,4096,TSC ticks/access,211.21309358984374,209.29345703125,25.24533153198423,190.3974609375,228.43408203125,180.64013671875,251.20852050781247,796,0
artemisia,large,results/capacity-20260906/artemisia/refine-large,random,57344.0,8,1000000,4096,TSC ticks/access,206.4328330576172,205.73095703125,25.721131959402506,185.24072265625,224.2578125,172.68408203125,246.6337890625,773,0
artemisia,large,results/capacity-20260906/artemisia/refine-large,random,65536.0,8,1000000,4096,TSC ticks/access,227.10220049560547,226.78857421875,22.70655245816776,208.47607421875,243.30224609375,198.005859375,259.83596191406247,1009,0
artemisia,large,results/capacity-20260906/artemisia/refine-large,random,98304.0,8,1000000,4096,TSC ticks/access,263.16222423632814,264.45947265625,17.32043103569439,254.9539794921875,270.8740234375,246.181640625,277.6748046875,1073,0
artemisia,large,results/capacity-20260906/artemisia/refine-large,random,131072.0,8,1000000,4096,TSC ticks/access,247.74331815234376,248.5458984375,13.356614671242939,243.05615234375,252.490234375,233.98681640625,257.765625,19162,0
artemisia,large,results/capacity-20260906/artemisia/refine-large,sequential,8192.0,8,1000000,4096,TSC ticks/access,12.33987461767578,12.29296875,2.5568907910808885,12.26708984375,12.31689453125,12.221166992187502,12.376953125,57786,0
artemisia,large,results/capacity-20260906/artemisia/refine-large,sequential,12288.0,8,1000000,4096,TSC ticks/access,12.397905017089844,12.3046875,3.1632617640932548,12.279296875,12.33837890625,12.24169921875,12.677734375,110231,0
artemisia,large,results/capacity-20260906/artemisia/refine-large,sequential,16384.0,8,1000000,4096,TSC ticks/access,13.507429401367187,12.6015625,3.469726506076964,12.3896484375,13.30810546875,12.29541015625,17.8115234375,124424,0
artemisia,large,results/capacity-20260906/artemisia/refine-large,sequential,20480.0,8,1000000,4096,TSC ticks/access,14.720087121582031,13.3154296875,4.468182343686332,12.6708984375,14.99951171875,12.37353515625,22.5283203125,118183,0
artemisia,large,results/capacity-20260906/artemisia/refine-large,sequential,24576.0,8,1000000,4096,TSC ticks/access,16.080990820800782,13.4658203125,5.858290233523414,12.61572265625,16.9296875,12.3388671875,29.2548828125,128741,0
artemisia,large,results/capacity-20260906/artemisia/refine-large,sequential,28672.0,8,1000000,4096,TSC ticks/access,19.640069482421875,16.9853515625,7.3136319207358875,14.185546875,24.1876220703125,12.84033203125,32.9912109375,532,0
artemisia,large,results/capacity-20260906/artemisia/refine-large,sequential,32768.0,8,1000000,4096,TSC ticks/access,26.329072346191406,26.35498046875,8.924213374319038,20.94091796875,32.0224609375,16.71044921875,35.03271484375,543,0
artemisia,large,results/capacity-20260906/artemisia/refine-large,sequential,36864.0,8,1000000,4096,TSC ticks/access,29.34190026171875,29.88232421875,5.824879269045081,25.8896484375,33.2646484375,21.54345703125,35.0390625,661,0
artemisia,large,results/capacity-20260906/artemisia/refine-large,sequential,40960.0,8,1000000,4096,TSC ticks/access,31.277339791992187,31.9013671875,5.095876620848596,28.9228515625,34.17919921875,24.6337890625,35.458984375,5951,0
artemisia,large,results/capacity-20260906/artemisia/refine-large,sequential,49152.0,8,1000000,4096,TSC ticks/access,33.37582941113281,33.7763671875,4.166791164644537,32.107421875,34.84130859375,29.62548828125,35.5732421875,13077,0
artemisia,large,results/capacity-20260906/artemisia/refine-large,sequential,57344.0,8,1000000,4096,TSC ticks/access,34.31367850732422,34.5673828125,4.523692100070129,33.49755859375,35.142578125,31.79150390625,35.87353515625,24029,0
artemisia,large,results/capacity-20260906/artemisia/refine-large,sequential,65536.0,8,1000000,4096,TSC ticks/access,35.07944889355469,35.0615234375,4.264992543887798,34.7333984375,35.35302734375,34.052734375,36.09912109375,65563,0
artemisia,large,results/capacity-20260906/artemisia/refine-large,sequential,98304.0,8,1000000,4096,TSC ticks/access,35.2806339140625,35.169921875,4.1937923580849095,34.921875,35.4296875,34.478515625,36.34375,77744,0
artemisia,large,results/capacity-20260906/artemisia/refine-large,sequential,131072.0,8,1000000,4096,TSC ticks/access,35.44763492724609,35.2890625,4.544422933912742,35.0888671875,35.5263671875,34.82421875,36.48876953125,71520,0
charnwood,full,results/capacity-20260906/charnwood/full,empty,4.0,8,1000000,4096,TSC ticks/timer pair,78.23924,78.0,82.99795947421647,76.0,80.0,74.0,82.0,2371,0
charnwood,full,results/capacity-20260906/charnwood/full,random,4.0,8,1000000,4096,TSC ticks/access,4.351426260742188,4.2939453125,0.2909236242566142,4.28662109375,4.33984375,4.28076171875,4.43701171875,201163,0
charnwood,full,results/capacity-20260906/charnwood/full,random,8.0,8,1000000,4096,TSC ticks/access,4.3585005834960935,4.29638671875,0.4462370924234007,4.28759765625,4.35302734375,4.28125,4.484375,76035,0
charnwood,full,results/capacity-20260906/charnwood/full,random,16.0,8,1000000,4096,TSC ticks/access,4.4089723740234374,4.35009765625,0.5832435418891512,4.2919921875,4.43359375,4.28173828125,4.5830078125,29669,0
charnwood,full,results/capacity-20260906/charnwood/full,random,32.0,8,1000000,4096,TSC ticks/access,4.457251439941406,4.39697265625,0.39425965289931125,4.33056640625,4.47412109375,4.3125,4.619140625,32253,0
charnwood,full,results/capacity-20260906/charnwood/full,random,64.0,8,1000000,4096,TSC ticks/access,9.335879275878906,9.2763671875,0.4444063420003036,9.21533203125,9.3515625,9.0888671875,9.5390625,79753,0
charnwood,full,results/capacity-20260906/charnwood/full,random,128.0,8,1000000,4096,TSC ticks/access,13.333273495605468,13.234375,0.8705500841719951,13.1025390625,13.38427734375,12.916015625,13.78173828125,50278,0
charnwood,full,results/capacity-20260906/charnwood/full,random,256.0,8,1000000,4096,TSC ticks/access,18.298418875976562,18.11376953125,1.0688980010420894,17.91845703125,18.373046875,17.654296875,19.0966796875,59064,0
charnwood,full,results/capacity-20260906/charnwood/full,random,512.0,8,1000000,4096,TSC ticks/access,33.10132266845703,32.865234375,1.2100912371094021,32.6767578125,33.07568359375,32.38916015625,35.09912109375,167449,0
charnwood,full,results/capacity-20260906/charnwood/full,random,1024.0,8,1000000,4096,TSC ticks/access,45.60046196289063,45.39111328125,1.2085906332886183,45.2353515625,45.60107421875,44.8330078125,48.546875,109723,0
charnwood,full,results/capacity-20260906/charnwood/full,random,2048.0,8,1000000,4096,TSC ticks/access,52.5643267084961,52.33203125,1.18322302659293,52.1982421875,52.47900390625,52.01025390625,55.86279296875,76713,0
charnwood,full,results/capacity-20260906/charnwood/full,random,4096.0,8,1000000,4096,TSC ticks/access,66.6139572919922,66.1845703125,2.1839563954158123,65.513671875,67.060546875,64.611328125,70.06396484375,79035,0
charnwood,full,results/capacity-20260906/charnwood/full,random,8192.0,8,1000000,4096,TSC ticks/access,220.85803623291017,220.0009765625,5.914733064243585,217.7314453125,223.4453125,215.00634765625,228.5869140625,28312,0
charnwood,full,results/capacity-20260906/charnwood/full,random,16384.0,8,1000000,4096,TSC ticks/access,296.07760099560545,295.33154296875,5.856381705539622,293.078125,299.185546875,290.63232421875,302.98098144531247,16211,0
charnwood,full,results/capacity-20260906/charnwood/full,random,32768.0,8,1000000,4096,TSC ticks/access,320.52990994726565,325.952880859375,19.755397303247204,323.4638671875,331.0,274.72705078125,339.810546875,207074,0
charnwood,full,results/capacity-20260906/charnwood/full,random,65536.0,8,1000000,4096,TSC ticks/access,332.9999473901367,332.828125,9.701180575821247,330.68310546875,337.23095703125,317.0956787109375,344.9560546875,69371,0
charnwood,full,results/capacity-20260906/charnwood/full,random,131072.0,8,1000000,4096,TSC ticks/access,347.60705673535153,347.52734375,5.985095297119212,343.86279296875,350.22412109375,342.29052734375,357.53515625,22932,0
charnwood,full,results/capacity-20260906/charnwood/full,random,262144.0,8,1000000,4096,TSC ticks/access,358.8058128388672,357.93994140625,6.057677867642982,356.44970703125,361.56298828125,354.9501953125,363.6806640625,35224,0
charnwood,full,results/capacity-20260906/charnwood/full,sequential,4.0,8,1000000,4096,TSC ticks/access,4.362113521972656,4.29541015625,0.27589497998124995,4.287109375,4.38232421875,4.28125,4.56640625,55450,0
charnwood,full,results/capacity-20260906/charnwood/full,sequential,8.0,8,1000000,4096,TSC ticks/access,4.338836743652344,4.29296875,0.27422185511526104,4.28515625,4.333984375,4.2802734375,4.43603515625,185491,0
charnwood,full,results/capacity-20260906/charnwood/full,sequential,16.0,8,1000000,4096,TSC ticks/access,4.387603968261719,4.33984375,0.29161516336242566,4.2900390625,4.42724609375,4.28125,4.57275390625,27028,0
charnwood,full,results/capacity-20260906/charnwood/full,sequential,32.0,8,1000000,4096,TSC ticks/access,4.4404721049804685,4.40185546875,0.3029817872447641,4.35107421875,4.4912109375,4.298828125,4.60009765625,33897,0
charnwood,full,results/capacity-20260906/charnwood/full,sequential,64.0,8,1000000,4096,TSC ticks/access,4.442757133789063,4.44384765625,0.37340523200122394,4.31787109375,4.458984375,4.30322265625,4.59326171875,22872,0
charnwood,full,results/capacity-20260906/charnwood/full,sequential,128.0,8,1000000,4096,TSC ticks/access,4.546197076171875,4.47802734375,0.3918099541110607,4.44873046875,4.53076171875,4.43896484375,4.6748046875,58989,0
charnwood,full,results/capacity-20260906/charnwood/full,sequential,256.0,8,1000000,4096,TSC ticks/access,4.595675352050781,4.548828125,0.27869311633560384,4.51416015625,4.61279296875,4.48388671875,4.74169921875,37806,0
charnwood,full,results/capacity-20260906/charnwood/full,sequential,512.0,8,1000000,4096,TSC ticks/access,4.873095916992187,4.8447265625,0.5590712676392765,4.72314453125,4.85546875,4.67919921875,4.943359375,26320,0
charnwood,full,results/capacity-20260906/charnwood/full,sequential,1024.0,8,1000000,4096,TSC ticks/access,5.052052216796875,5.0244140625,0.34539766269733935,5.01708984375,5.0322265625,5.009765625,5.20361328125,195660,0
charnwood,full,results/capacity-20260906/charnwood/full,sequential,2048.0,8,1000000,4096,TSC ticks/access,5.248524164550782,5.212890625,0.31236209605852644,5.2041015625,5.2314453125,5.19677734375,5.29638671875,88833,0
charnwood,full,results/capacity-20260906/charnwood/full,sequential,4096.0,8,1000000,4096,TSC ticks/access,5.337711158203125,5.28564453125,0.506765002555748,5.2470703125,5.34326171875,5.20947265625,5.482421875,46903,0
charnwood,full,results/capacity-20260906/charnwood/full,sequential,8192.0,8,1000000,4096,TSC ticks/access,5.697584354003906,5.63330078125,0.3397820967408916,5.58837890625,5.7509765625,5.53759765625,5.90771484375,28026,0
charnwood,full,results/capacity-20260906/charnwood/full,sequential,16384.0,8,1000000,4096,TSC ticks/access,5.740178899902344,5.67626953125,0.3423603506982772,5.6328125,5.7783203125,5.60986328125,5.9375,30747,0
charnwood,full,results/capacity-20260906/charnwood/full,sequential,32768.0,8,1000000,4096,TSC ticks/access,5.756670943359375,5.681640625,0.3707177728009247,5.6357421875,5.783203125,5.6142578125,5.97265625,42359,0
charnwood,full,results/capacity-20260906/charnwood/full,sequential,65536.0,8,1000000,4096,TSC ticks/access,5.7479119990234375,5.6826171875,0.4024492171845939,5.6376953125,5.78271484375,5.6162109375,5.94775390625,34128,0
charnwood,full,results/capacity-20260906/charnwood/full,sequential,131072.0,8,1000000,4096,TSC ticks/access,5.7424270249023435,5.677734375,0.40232670798854536,5.6337890625,5.77099609375,5.61474609375,5.91064453125,30918,0
charnwood,full,results/capacity-20260906/charnwood/full,sequential,262144.0,8,1000000,4096,TSC ticks/access,5.744018990722656,5.6748046875,0.8002267393393632,5.63427734375,5.7705078125,5.61474609375,5.93017578125,41644,0
charnwood,small,results/capacity-20260906/charnwood/refine-small,empty,16.0,8,1000000,4096,TSC ticks/timer pair,94.833552,92.0,145.4506295721986,88.0,100.0,82.0,112.0,3674,0
charnwood,small,results/capacity-20260906/charnwood/refine-small,random,16.0,8,1000000,4096,TSC ticks/access,5.344864800292969,5.28759765625,0.32935981924133423,5.27685546875,5.337890625,5.26953125,5.4326171875,50730,0
charnwood,small,results/capacity-20260906/charnwood/refine-small,random,24.0,8,1000000,4096,TSC ticks/access,5.375603172851562,5.3310546875,0.3700144689334085,5.2822265625,5.37939453125,5.27001953125,5.4970703125,38135,0
charnwood,small,results/capacity-20260906/charnwood/refine-small,random,28.0,8,1000000,4096,TSC ticks/access,5.384108474609375,5.333984375,0.40414511363689554,5.28466796875,5.38525390625,5.2705078125,5.5068359375,39190,0
charnwood,small,results/capacity-20260906/charnwood/refine-small,random,32.0,8,1000000,4096,TSC ticks/access,5.432194645019531,5.37548828125,0.4426683710619427,5.33056640625,5.4189453125,5.3125,5.5419921875,45949,0
charnwood,small,results/capacity-20260906/charnwood/refine-small,random,36.0,8,1000000,4096,TSC ticks/access,6.818014779296875,6.75048828125,0.4802723811833325,6.7041015625,6.80859375,6.65185546875,6.953125,45580,0
charnwood,small,results/capacity-20260906/charnwood/refine-small,random,40.0,8,1000000,4096,TSC ticks/access,7.952354010742187,7.8779296875,0.5187262011290895,7.8251953125,7.94482421875,7.76708984375,8.1103515625,45437,0
charnwood,small,results/capacity-20260906/charnwood/refine-small,random,44.0,8,1000000,4096,TSC ticks/access,8.719236399414063,8.64697265625,0.5145176037710079,8.58642578125,8.71923828125,8.51220703125,8.88232421875,41439,0
charnwood,small,results/capacity-20260906/charnwood/refine-small,random,48.0,8,1000000,4096,TSC ticks/access,9.438349289550782,9.35986328125,0.6230200101231198,9.29443359375,9.43798828125,9.208984375,9.61767578125,39992,0
charnwood,small,results/capacity-20260906/charnwood/refine-small,random,52.0,8,1000000,4096,TSC ticks/access,10.046507911621093,9.953125,0.5709882171121831,9.89306640625,10.02783203125,9.82275390625,10.220703125,48903,0
charnwood,small,results/capacity-20260906/charnwood/refine-small,random,56.0,8,1000000,4096,TSC ticks/access,10.9067557265625,10.33447265625,1.7117262174459338,10.263671875,10.4443359375,10.19189453125,15.22216796875,127958,0
charnwood,small,results/capacity-20260906/charnwood/refine-small,random,60.0,8,1000000,4096,TSC ticks/access,10.791712897460938,10.70068359375,0.7811131634216504,10.619140625,10.7978515625,10.51953125,11.0283203125,43071,0
charnwood,small,results/capacity-20260906/charnwood/refine-small,random,64.0,8,1000000,4096,TSC ticks/access,11.224721612792969,11.12744140625,0.6024544777927091,11.052734375,11.22021484375,10.962890625,11.44189453125,43497,0
charnwood,small,results/capacity-20260906/charnwood/refine-small,sequential,16.0,8,1000000,4096,TSC ticks/access,5.34508880859375,5.28759765625,0.32476259720108497,5.27734375,5.34033203125,5.26953125,5.423852539062466,47808,0
charnwood,small,results/capacity-20260906/charnwood/refine-small,sequential,24.0,8,1000000,4096,TSC ticks/access,5.368455796875,5.33154296875,0.3884879300850778,5.28125,5.35302734375,5.26953125,5.48583984375,67096,0
charnwood,small,results/capacity-20260906/charnwood/refine-small,sequential,28.0,8,1000000,4096,TSC ticks/access,5.372589694335938,5.333984375,0.3341725221506617,5.283203125,5.38037109375,5.27001953125,5.4951171875,37973,0
charnwood,small,results/capacity-20260906/charnwood/refine-small,sequential,32.0,8,1000000,4096,TSC ticks/access,5.423954913574219,5.3779296875,0.5387227901899281,5.34033203125,5.42822265625,5.3076171875,5.5546875,47491,0
charnwood,small,results/capacity-20260906/charnwood/refine-small,sequential,36.0,8,1000000,4096,TSC ticks/access,5.365022293945312,5.31640625,0.336696128774049,5.30712890625,5.34814453125,5.29931640625,5.4228515625,59477,0
charnwood,small,results/capacity-20260906/charnwood/refine-small,sequential,40.0,8,1000000,4096,TSC ticks/access,5.368495911132812,5.31396484375,0.3484837193970802,5.30419921875,5.34912109375,5.296875,5.455078125,66854,0
charnwood,small,results/capacity-20260906/charnwood/refine-small,sequential,44.0,8,1000000,4096,TSC ticks/access,5.3648250390625,5.31494140625,0.38871246006254184,5.30517578125,5.35009765625,5.29736328125,5.43310546875,58999,0
charnwood,small,results/capacity-20260906/charnwood/refine-small,sequential,48.0,8,1000000,4096,TSC ticks/access,5.3688693754882815,5.3173828125,0.3342242709202724,5.3076171875,5.353515625,5.298828125,5.44287109375,61596,0
charnwood,small,results/capacity-20260906/charnwood/refine-small,sequential,52.0,8,1000000,4096,TSC ticks/access,5.367546554199219,5.31494140625,0.4695379011113894,5.30419921875,5.3515625,5.29638671875,5.44482421875,63416,0
charnwood,small,results/capacity-20260906/charnwood/refine-small,sequential,56.0,8,1000000,4096,TSC ticks/access,5.367374547363282,5.31591796875,0.34098615709169344,5.30517578125,5.3525390625,5.294921875,5.44775390625,67012,0
charnwood,small,results/capacity-20260906/charnwood/refine-small,sequential,60.0,8,1000000,4096,TSC ticks/access,5.370127739257812,5.31640625,0.3444406876596198,5.30615234375,5.353515625,5.2978515625,5.4521484375,67009,0
charnwood,small,results/capacity-20260906/charnwood/refine-small,sequential,64.0,8,1000000,4096,TSC ticks/access,5.371318295410156,5.31787109375,0.32466198531154467,5.30712890625,5.35595703125,5.298828125,5.45849609375,67542,0
charnwood,middle,results/capacity-20260906/charnwood/refine-middle,empty,128.0,8,1000000,4096,TSC ticks/timer pair,91.385172,88.0,109.10824974831456,86.0,96.0,82.0,104.0,1539,0
charnwood,middle,results/capacity-20260906/charnwood/refine-middle,random,128.0,8,1000000,4096,TSC ticks/access,14.962319314941407,14.83642578125,0.7399690673924807,14.69384765625,15.00927734375,14.53271484375,15.3564453125,38099,0
charnwood,middle,results/capacity-20260906/charnwood/refine-middle,random,160.0,8,1000000,4096,TSC ticks/access,15.320778512207031,15.1552734375,1.0432930745757156,15.02783203125,15.30615234375,14.869140625,15.69970703125,47895,0
charnwood,middle,results/capacity-20260906/charnwood/refine-middle,random,192.0,8,1000000,4096,TSC ticks/access,18.848527353027343,18.43603515625,2.167376306450827,18.24462890625,18.64453125,17.984375,19.78466796875,60312,0
charnwood,middle,results/capacity-20260906/charnwood/refine-middle,random,224.0,8,1000000,4096,TSC ticks/access,19.029824694824217,18.8193359375,1.3380527270469862,18.6416015625,19.0166015625,18.39306640625,19.70751953125,56514,0
charnwood,middle,results/capacity-20260906/charnwood/refine-middle,random,256.0,8,1000000,4096,TSC ticks/access,20.332986966308592,20.11376953125,1.2960152708479953,19.8896484375,20.36328125,19.5830078125,21.16748046875,54368,0
charnwood,middle,results/capacity-20260906/charnwood/refine-middle,random,288.0,8,1000000,4096,TSC ticks/access,24.135345458496094,23.8984375,1.424861962046324,23.65966796875,24.17236328125,23.328125,25.18359375,58552,0
charnwood,middle,results/capacity-20260906/charnwood/refine-middle,random,320.0,8,1000000,4096,TSC ticks/access,26.807505639648436,26.50732421875,1.6917380736163834,26.3076171875,26.73779296875,26.02685546875,28.009790039062466,70513,0
charnwood,middle,results/capacity-20260906/charnwood/refine-middle,random,352.0,8,1000000,4096,TSC ticks/access,30.126731936523438,29.849609375,1.6424710222593164,29.6025390625,30.125,29.26904296875,31.6953125,72731,0
charnwood,middle,results/capacity-20260906/charnwood/refine-middle,random,384.0,8,1000000,4096,TSC ticks/access,32.384827995117185,32.072265625,1.4645053413937854,31.85009765625,32.37109375,31.5888671875,34.40532226562493,68659,0
charnwood,middle,results/capacity-20260906/charnwood/refine-middle,random,448.0,8,1000000,4096,TSC ticks/access,35.40749097363281,35.1455078125,1.2840242833043285,34.9140625,35.392578125,34.6748046875,37.70512695312493,67469,0
charnwood,middle,results/capacity-20260906/charnwood/refine-middle,random,512.0,8,1000000,4096,TSC ticks/access,38.23416394287109,37.93017578125,1.3576712869370147,37.7373046875,38.19287109375,37.52001953125,41.37939453125,68653,0
charnwood,middle,results/capacity-20260906/charnwood/refine-middle,random,768.0,8,1000000,4096,TSC ticks/access,45.58843225,45.330078125,1.2627993122350094,45.14208984375,45.51708984375,44.80322265625,48.9013671875,83866,0
charnwood,middle,results/capacity-20260906/charnwood/refine-middle,random,1024.0,8,1000000,4096,TSC ticks/access,49.27172888671875,49.01025390625,1.1651566032387868,48.82568359375,49.1865234375,48.59765625,52.56640625,78099,0
charnwood,middle,results/capacity-20260906/charnwood/refine-middle,sequential,128.0,8,1000000,4096,TSC ticks/access,5.390289262695313,5.34326171875,0.32289722939383864,5.3095703125,5.3876953125,5.2958984375,5.52587890625,61311,0
charnwood,middle,results/capacity-20260906/charnwood/refine-middle,sequential,160.0,8,1000000,4096,TSC ticks/access,5.444484775390625,5.39794921875,0.3407083398637031,5.3583984375,5.4482421875,5.31591796875,5.58935546875,52546,0
charnwood,middle,results/capacity-20260906/charnwood/refine-middle,sequential,192.0,8,1000000,4096,TSC ticks/access,5.463864434570312,5.41943359375,0.33904604454182147,5.38134765625,5.466796875,5.33544921875,5.60205078125,53180,0
charnwood,middle,results/capacity-20260906/charnwood/refine-middle,sequential,224.0,8,1000000,4096,TSC ticks/access,5.481108279296875,5.43212890625,0.3540406493059028,5.39111328125,5.48583984375,5.34521484375,5.630859375,51209,0
charnwood,middle,results/capacity-20260906/charnwood/refine-middle,sequential,256.0,8,1000000,4096,TSC ticks/access,5.487342235351562,5.447265625,0.31773766286895977,5.41357421875,5.4853515625,5.3720703125,5.619140625,61786,0
charnwood,middle,results/capacity-20260906/charnwood/refine-middle,sequential,288.0,8,1000000,4096,TSC ticks/access,5.5005362353515626,5.4560546875,0.32745082933128933,5.416015625,5.50341796875,5.37548828125,5.6484375,56524,0
charnwood,middle,results/capacity-20260906/charnwood/refine-middle,sequential,320.0,8,1000000,4096,TSC ticks/access,5.494023492675781,5.44482421875,0.35175847740211297,5.421875,5.48486328125,5.384765625,5.60888671875,62179,0
charnwood,middle,results/capacity-20260906/charnwood/refine-middle,sequential,352.0,8,1000000,4096,TSC ticks/access,5.47235520703125,5.41845703125,0.3676469515886169,5.3984375,5.44775390625,5.38525390625,5.54443359375,66520,0
charnwood,middle,results/capacity-20260906/charnwood/refine-middle,sequential,384.0,8,1000000,4096,TSC ticks/access,5.483563760253906,5.43310546875,0.3658364032513486,5.4052734375,5.46630859375,5.38720703125,5.5654296875,53103,0
charnwood,middle,results/capacity-20260906/charnwood/refine-middle,sequential,448.0,8,1000000,4096,TSC ticks/access,5.4671310546875,5.43359375,0.31168961591483185,5.40771484375,5.4501953125,5.3896484375,5.52685546875,56820,0
charnwood,middle,results/capacity-20260906/charnwood/refine-middle,sequential,512.0,8,1000000,4096,TSC ticks/access,5.444736881347656,5.4072265625,0.45239654607468954,5.39990234375,5.4150390625,5.392578125,5.46533203125,108832,0
charnwood,middle,results/capacity-20260906/charnwood/refine-middle,sequential,768.0,8,1000000,4096,TSC ticks/access,5.447298459472656,5.4091796875,0.3263826809063271,5.40234375,5.416015625,5.396484375,5.46533203125,102218,0
charnwood,middle,results/capacity-20260906/charnwood/refine-middle,sequential,1024.0,8,1000000,4096,TSC ticks/access,5.452082157714844,5.41015625,0.34697180022486496,5.4033203125,5.41748046875,5.396484375,5.4677734375,113517,0
charnwood,large,results/capacity-20260906/charnwood/refine-large,empty,2048.0,8,1000000,4096,TSC ticks/timer pair,92.761154,90.0,137.1749662641098,86.0,98.0,82.0,106.0,397,0
charnwood,large,results/capacity-20260906/charnwood/refine-large,random,2048.0,8,1000000,4096,TSC ticks/access,55.164276328125,54.6376953125,2.3918262606947764,54.4697265625,54.8955078125,54.22705078125,58.36279296875,140283,0
charnwood,large,results/capacity-20260906/charnwood/refine-large,random,4096.0,8,1000000,4096,TSC ticks/access,115.6428888984375,114.900390625,7.156129904325657,111.83544921875,118.201171875,106.58251953125,127.42138671875,53682,0
charnwood,large,results/capacity-20260906/charnwood/refine-large,random,5120.0,8,1000000,4096,TSC ticks/access,167.0985039921875,165.576171875,8.914036283018406,162.599609375,169.34912109375,158.61474609375,182.52783203125,74758,0
charnwood,large,results/capacity-20260906/charnwood/refine-large,random,6144.0,8,1000000,4096,TSC ticks/access,197.1983808071289,195.71923828125,7.95051056889434,192.646484375,199.68115234375,188.8466796875,210.74365234375,54626,0
charnwood,large,results/capacity-20260906/charnwood/refine-large,random,7168.0,8,1000000,4096,TSC ticks/access,226.34635610302735,225.07861328125,7.559710123552752,221.81396484375,229.28515625,218.02685546875,239.025390625,46478,0
charnwood,large,results/capacity-20260906/charnwood/refine-large,random,8192.0,8,1000000,4096,TSC ticks/access,251.05709518164062,250.37060546875,8.281166449452877,246.00048828125,255.14892578125,239.5712890625,264.37795410156247,29855,0
charnwood,large,results/capacity-20260906/charnwood/refine-large,random,9216.0,8,1000000,4096,TSC ticks/access,267.5861614204102,266.8837890625,6.585823711278647,263.72314453125,270.8292236328125,259.24462890625,277.48974609375,31555,0
charnwood,large,results/capacity-20260906/charnwood/refine-large,random,10240.0,8,1000000,4096,TSC ticks/access,278.8005751557617,277.984375,6.144734599505842,275.1279296875,281.7978515625,271.59619140625,287.71484375,27802,0
charnwood,large,results/capacity-20260906/charnwood/refine-large,random,12288.0,8,1000000,4096,TSC ticks/access,296.0683555986328,295.46044921875,6.912570349549021,292.61962890625,299.42431640625,288.85888671875,304.81936035156247,32652,0
charnwood,large,results/capacity-20260906/charnwood/refine-large,random,14336.0,8,1000000,4096,TSC ticks/access,308.30767139941406,307.8623046875,10.390673444133768,304.9541015625,312.01318359375,299.3613037109375,318.45361328125,63377,0
charnwood,large,results/capacity-20260906/charnwood/refine-large,random,16384.0,8,1000000,4096,TSC ticks/access,316.37387011523435,316.3349609375,11.467898152785558,313.6806640625,320.38037109375,307.369140625,324.95947265625,53464,0
charnwood,large,results/capacity-20260906/charnwood/refine-large,sequential,2048.0,8,1000000,4096,TSC ticks/access,5.4715252045898435,5.41796875,0.40115240707961125,5.4072265625,5.4501953125,5.39794921875,5.55810546875,74247,0
charnwood,large,results/capacity-20260906/charnwood/refine-large,sequential,4096.0,8,1000000,4096,TSC ticks/access,5.877866555175781,5.8134765625,0.4278596536917701,5.75732421875,5.89599609375,5.68505859375,6.11083984375,59148,0
charnwood,large,results/capacity-20260906/charnwood/refine-large,sequential,5120.0,8,1000000,4096,TSC ticks/access,6.024982616210938,5.9462890625,0.47263274257043897,5.8798828125,6.06494140625,5.7822265625,6.3125,45233,0
charnwood,large,results/capacity-20260906/charnwood/refine-large,sequential,6144.0,8,1000000,4096,TSC ticks/access,6.074752900878906,6.00390625,0.39366010569437637,5.95556640625,6.10888671875,5.8984375,6.30859375,42361,0
charnwood,large,results/capacity-20260906/charnwood/refine-large,sequential,7168.0,8,1000000,4096,TSC ticks/access,6.352706946289063,6.27978515625,0.5654359370423963,6.22216796875,6.4150390625,6.00927734375,6.56982421875,23783,0
charnwood,large,results/capacity-20260906/charnwood/refine-large,sequential,8192.0,8,1000000,4096,TSC ticks/access,6.3727673256835935,6.32568359375,0.4644781886992363,6.25537109375,6.44873046875,6.03662109375,6.58251953125,27264,0
charnwood,large,results/capacity-20260906/charnwood/refine-large,sequential,9216.0,8,1000000,4096,TSC ticks/access,6.380214111328125,6.3408203125,0.49175693828777794,6.265625,6.466796875,5.88134765625,6.64013671875,81775,0
charnwood,large,results/capacity-20260906/charnwood/refine-large,sequential,10240.0,8,1000000,4096,TSC ticks/access,6.343697129394531,6.30517578125,0.46679949595791703,6.2099609375,6.4521484375,6.02392578125,6.57373046875,20413,0
charnwood,large,results/capacity-20260906/charnwood/refine-large,sequential,12288.0,8,1000000,4096,TSC ticks/access,6.419375870605469,6.34765625,0.4037917784212221,6.28564453125,6.47119140625,6.25732421875,6.615234375,16690,0
charnwood,large,results/capacity-20260906/charnwood/refine-large,sequential,14336.0,8,1000000,4096,TSC ticks/access,6.409602187988281,6.365234375,0.6800755828296541,6.28515625,6.48046875,6.07861328125,6.62939453125,36882,0
charnwood,large,results/capacity-20260906/charnwood/refine-large,sequential,16384.0,8,1000000,4096,TSC ticks/access,6.399968218261718,6.337890625,0.4448296458738185,6.28173828125,6.4697265625,6.064453125,6.61865234375,27141,0
crux,full,results/crux-new-core-20260906T235055Z/crux/full,empty,4.0,8,1000000,4096,TSC ticks/timer pair,40.85364,40.0,40.767434684244364,40.0,42.0,39.0,43.0,159,0
crux,full,results/crux-new-core-20260906T235055Z/crux/full,random,4.0,8,1000000,4096,TSC ticks/access,2.7085412080078126,2.6826171875,0.6062081440336602,2.63134765625,2.687744140625,2.62255859375,2.716552734375,15396,0
crux,full,results/crux-new-core-20260906T235055Z/crux/full,random,8.0,8,1000000,4096,TSC ticks/access,2.6669293283691404,2.62744140625,0.5812794509743546,2.6240234375,2.63134765625,2.62109375,2.68017578125,138465,0
crux,full,results/crux-new-core-20260906T235055Z/crux/full,random,16.0,8,1000000,4096,TSC ticks/access,2.682895228027344,2.629150390625,0.676368863645444,2.625,2.665283203125,2.621337890625,2.712646484375,33997,0
crux,full,results/crux-new-core-20260906T235055Z/crux/full,random,32.0,8,1000000,4096,TSC ticks/access,2.765768796142578,2.718017578125,0.594889449648256,2.707763671875,2.753662109375,2.654541015625,2.816650390625,46473,0
crux,full,results/crux-new-core-20260906T235055Z/crux/full,random,64.0,8,1000000,4096,TSC ticks/access,5.5961080546875,5.506591796875,0.7986309276073452,5.48046875,5.564453125,5.447265625,5.7333984375,67182,0
crux,full,results/crux-new-core-20260906T235055Z/crux/full,random,128.0,8,1000000,4096,TSC ticks/access,6.951363069335938,6.826171875,1.0358346187094163,6.76416015625,6.912841796875,6.6884765625,7.162109375,56760,0
crux,full,results/crux-new-core-20260906T235055Z/crux/full,random,256.0,8,1000000,4096,TSC ticks/access,8.38142749243164,8.259521484375,0.9660007103097379,8.1689453125,8.378662109375,8.0615234375,8.713134765625,52893,0
crux,full,results/crux-new-core-20260906T235055Z/crux/full,random,512.0,8,1000000,4096,TSC ticks/access,20.936066264892577,20.660400390625,1.9835768038614414,20.541259765625,20.79541015625,20.353759765625,21.361584472656233,62129,0
crux,full,results/crux-new-core-20260906T235055Z/crux/full,random,1024.0,8,1000000,4096,TSC ticks/access,27.07879432519531,26.840576171875,2.0237672934818813,26.721923828125,26.945556640625,26.571044921875,27.596691894531233,56274,0
crux,full,results/crux-new-core-20260906T235055Z/crux/full,random,2048.0,8,1000000,4096,TSC ticks/access,30.373955376220703,29.949462890625,14.768535215618083,29.85693359375,30.02783203125,29.7236328125,31.226806640625,109198,0
crux,full,results/crux-new-core-20260906T235055Z/crux/full,random,4096.0,8,1000000,4096,TSC ticks/access,33.5027728503418,32.39990234375,6.382571899966442,32.173828125,32.775390625,31.9296875,37.3662109375,116510,0
crux,full,results/crux-new-core-20260906T235055Z/crux/full,random,8192.0,8,1000000,4096,TSC ticks/access,140.8514526755371,136.550048828125,16.30805177468166,132.484130859375,144.928955078125,123.990478515625,164.6689453125,54430,0
crux,full,results/crux-new-core-20260906T235055Z/crux/full,random,16384.0,8,1000000,4096,TSC ticks/access,193.9277332548828,192.06298828125,13.373280747864507,188.074951171875,196.862060546875,179.201171875,215.27490234375,73761,0
crux,full,results/crux-new-core-20260906T235055Z/crux/full,random,32768.0,8,1000000,4096,TSC ticks/access,208.41151070947265,203.860107421875,14.38698396042243,202.109130859375,211.167724609375,200.51171875,229.39772949218747,64238,0
crux,full,results/crux-new-core-20260906T235055Z/crux/full,random,65536.0,8,1000000,4096,TSC ticks/access,225.97504936450196,224.185302734375,12.415709644553921,221.8603515625,225.94873046875,216.452880859375,246.43970947265623,123199,0
crux,full,results/crux-new-core-20260906T235055Z/crux/full,random,131072.0,8,1000000,4096,TSC ticks/access,231.09526223779298,228.2138671875,12.47748999594924,227.391845703125,229.306640625,226.37939453125,253.23779296875,85856,0
crux,full,results/crux-new-core-20260906T235055Z/crux/full,random,262144.0,8,1000000,4096,TSC ticks/access,238.88638910986327,235.66455078125,13.236958092714247,234.783447265625,236.913330078125,233.76025390625,261.8896606445312,95048,0
crux,full,results/crux-new-core-20260906T235055Z/crux/full,sequential,4.0,8,1000000,4096,TSC ticks/access,2.6558960290527343,2.62744140625,0.4594215967859293,2.6240234375,2.631103515625,2.62109375,2.68115234375,127835,0
crux,full,results/crux-new-core-20260906T235055Z/crux/full,sequential,8.0,8,1000000,4096,TSC ticks/access,2.6699681374511717,2.628173828125,0.6050293663761048,2.62451171875,2.6318359375,2.62109375,2.6875,205039,0
crux,full,results/crux-new-core-20260906T235055Z/crux/full,sequential,16.0,8,1000000,4096,TSC ticks/access,2.669436985595703,2.62890625,0.5052939488257071,2.62451171875,2.654052734375,2.62109375,2.725341796875,72914,0
crux,full,results/crux-new-core-20260906T235055Z/crux/full,sequential,32.0,8,1000000,4096,TSC ticks/access,2.7751730068359377,2.74267578125,0.43211083243730053,2.724853515625,2.775634765625,2.696533203125,2.8583984375,61607,0
crux,full,results/crux-new-core-20260906T235055Z/crux/full,sequential,64.0,8,1000000,4096,TSC ticks/access,2.727563619873047,2.69775390625,0.5072703543130961,2.6728515625,2.71142578125,2.6357421875,2.815673828125,73034,0
crux,full,results/crux-new-core-20260906T235055Z/crux/full,sequential,128.0,8,1000000,4096,TSC ticks/access,2.7483121193847655,2.713134765625,0.39115952179061725,2.7021484375,2.744140625,2.653564453125,2.86474609375,93905,0
crux,full,results/crux-new-core-20260906T235055Z/crux/full,sequential,256.0,8,1000000,4096,TSC ticks/access,2.7492012790527345,2.700439453125,0.5789040489581352,2.6796875,2.73486328125,2.657958984375,2.85791015625,66575,0
crux,full,results/crux-new-core-20260906T235055Z/crux/full,sequential,512.0,8,1000000,4096,TSC ticks/access,2.7231604274902343,2.697265625,0.46114749900611124,2.693603515625,2.70068359375,2.6904296875,2.74951171875,97272,0
crux,full,results/crux-new-core-20260906T235055Z/crux/full,sequential,1024.0,8,1000000,4096,TSC ticks/access,2.7338864658203126,2.69775390625,0.5491341949521126,2.694091796875,2.701904296875,2.6904296875,2.7568359375,137375,0
crux,full,results/crux-new-core-20260906T235055Z/crux/full,sequential,2048.0,8,1000000,4096,TSC ticks/access,2.7249331508789063,2.697265625,0.4695521951029144,2.69384765625,2.701171875,2.6904296875,2.740234375,104552,0
crux,full,results/crux-new-core-20260906T235055Z/crux/full,sequential,4096.0,8,1000000,4096,TSC ticks/access,2.9244388894042967,2.8544921875,0.6208187545564502,2.776123046875,2.971435546875,2.708251953125,3.173828125,22888,0
crux,full,results/crux-new-core-20260906T235055Z/crux/full,sequential,8192.0,8,1000000,4096,TSC ticks/access,3.107057344238281,3.04150390625,0.5980054286733659,2.975830078125,3.16064453125,2.898681640625,3.334716796875,20658,0
crux,full,results/crux-new-core-20260906T235055Z/crux/full,sequential,16384.0,8,1000000,4096,TSC ticks/access,3.1860537734375,3.1044921875,0.6572919914259509,3.0419921875,3.23095703125,3.005859375,3.4013671875,18162,0
crux,full,results/crux-new-core-20260906T235055Z/crux/full,sequential,32768.0,8,1000000,4096,TSC ticks/access,3.198164559082031,3.139404296875,0.5508449548043335,3.0615234375,3.257080078125,3.022705078125,3.408447265625,14910,0
crux,full,results/crux-new-core-20260906T235055Z/crux/full,sequential,65536.0,8,1000000,4096,TSC ticks/access,3.20439538671875,3.11328125,0.7022038568655085,3.06005859375,3.246826171875,3.025634765625,3.41650390625,20927,0
crux,full,results/crux-new-core-20260906T235055Z/crux/full,sequential,131072.0,8,1000000,4096,TSC ticks/access,3.282603580078125,3.219482421875,0.560822843636429,3.135009765625,3.3525390625,3.074462890625,3.53076171875,16067,0
crux,full,results/crux-new-core-20260906T235055Z/crux/full,sequential,262144.0,8,1000000,4096,TSC ticks/access,3.2021577028808594,3.1171875,0.683118106781802,3.0576171875,3.246337890625,3.024169921875,3.40478515625,18458,0
crux,small,results/crux-new-core-20260906T235055Z/crux/refine-small,empty,16.0,8,1000000,4096,TSC ticks/timer pair,40.847584,40.0,18.350863034667285,40.0,42.0,39.0,43.0,91,0
crux,small,results/crux-new-core-20260906T235055Z/crux/refine-small,random,16.0,8,1000000,4096,TSC ticks/access,2.67847844140625,2.62890625,0.6135425560164322,2.62451171875,2.651123046875,2.62109375,2.69580078125,52994,0
crux,small,results/crux-new-core-20260906T235055Z/crux/refine-small,random,24.0,8,1000000,4096,TSC ticks/access,2.6789797309570313,2.62939453125,0.6191080951771147,2.625,2.663330078125,2.62158203125,2.712158203125,42219,0
crux,small,results/crux-new-core-20260906T235055Z/crux/refine-small,random,28.0,8,1000000,4096,TSC ticks/access,2.702798796875,2.64892578125,0.5880581039331791,2.64208984375,2.688232421875,2.62744140625,2.748046875,40575,0
crux,small,results/crux-new-core-20260906T235055Z/crux/refine-small,random,32.0,8,1000000,4096,TSC ticks/access,2.7135456350097655,2.65234375,0.5942520110940058,2.646240234375,2.693115234375,2.641357421875,2.768798828125,52678,0
crux,small,results/crux-new-core-20260906T235055Z/crux/refine-small,random,36.0,8,1000000,4096,TSC ticks/access,3.417269040283203,3.35400390625,0.7154246983019862,3.335693359375,3.385498046875,3.316162109375,3.46044921875,50006,0
crux,small,results/crux-new-core-20260906T235055Z/crux/refine-small,random,40.0,8,1000000,4096,TSC ticks/access,4.0088350986328125,3.941162109375,0.7074137545223772,3.923583984375,3.97900390625,3.890869140625,4.07763671875,60240,0
crux,small,results/crux-new-core-20260906T235055Z/crux/refine-small,random,44.0,8,1000000,4096,TSC ticks/access,4.328867485107422,4.260009765625,0.7458383968050395,4.232177734375,4.29833984375,4.197509765625,4.40869140625,54631,0
crux,small,results/crux-new-core-20260906T235055Z/crux/refine-small,random,48.0,8,1000000,4096,TSC ticks/access,4.708008386962891,4.63623046875,0.7654573458491086,4.608154296875,4.67529296875,4.561279296875,4.801513671875,61863,0
crux,small,results/crux-new-core-20260906T235055Z/crux/refine-small,random,52.0,8,1000000,4096,TSC ticks/access,5.024904510986328,4.9423828125,0.8406271696132765,4.910400390625,4.98681640625,4.875732421875,5.130859375,61114,0
crux,small,results/crux-new-core-20260906T235055Z/crux/refine-small,random,56.0,8,1000000,4096,TSC ticks/access,5.198504083496093,5.1201171875,0.8367913017883629,5.079345703125,5.16650390625,5.030517578125,5.310546875,54467,0
crux,small,results/crux-new-core-20260906T235055Z/crux/refine-small,random,60.0,8,1000000,4096,TSC ticks/access,5.395145748535156,5.30712890625,0.8454403036010906,5.26953125,5.360107421875,5.23046875,5.522705078125,60646,0
crux,small,results/crux-new-core-20260906T235055Z/crux/refine-small,random,64.0,8,1000000,4096,TSC ticks/access,5.59555744946289,5.50390625,0.8550524144223608,5.4697265625,5.5517578125,5.44677734375,5.722900390625,67701,0
crux,small,results/crux-new-core-20260906T235055Z/crux/refine-small,sequential,16.0,8,1000000,4096,TSC ticks/access,2.678711052734375,2.62939453125,0.5826715299045259,2.625,2.667724609375,2.621337890625,2.715087890625,30870,0
crux,small,results/crux-new-core-20260906T235055Z/crux/refine-small,sequential,24.0,8,1000000,4096,TSC ticks/access,2.6856327373046875,2.63037109375,0.5890013867043089,2.62548828125,2.671875,2.62158203125,2.728759765625,39937,0
crux,small,results/crux-new-core-20260906T235055Z/crux/refine-small,sequential,28.0,8,1000000,4096,TSC ticks/access,2.6878615341796874,2.631591796875,0.5858133319098783,2.6259765625,2.673828125,2.62158203125,2.73291015625,40108,0
crux,small,results/crux-new-core-20260906T235055Z/crux/refine-small,sequential,32.0,8,1000000,4096,TSC ticks/access,2.7291145900878906,2.6708984375,0.6384033326150939,2.654541015625,2.709716796875,2.645751953125,2.797119140625,52617,0
crux,small,results/crux-new-core-20260906T235055Z/crux/refine-small,sequential,36.0,8,1000000,4096,TSC ticks/access,2.6981281252441405,2.645263671875,0.672082473720867,2.640869140625,2.667724609375,2.636962890625,2.728515625,65781,0
crux,small,results/crux-new-core-20260906T235055Z/crux/refine-small,sequential,40.0,8,1000000,4096,TSC ticks/access,2.690900352783203,2.64404296875,0.576382938755257,2.6396484375,2.665283203125,2.6357421875,2.719482421875,79554,0
crux,small,results/crux-new-core-20260906T235055Z/crux/refine-small,sequential,44.0,8,1000000,4096,TSC ticks/access,2.6887369765625,2.643310546875,0.5814672036643017,2.63916015625,2.658935546875,2.63525390625,2.7119140625,112468,0
crux,small,results/crux-new-core-20260906T235055Z/crux/refine-small,sequential,48.0,8,1000000,4096,TSC ticks/access,2.6902207775878906,2.642822265625,0.5891687463774036,2.638427734375,2.660888671875,2.63427734375,2.720947265625,104735,0
crux,small,results/crux-new-core-20260906T235055Z/crux/refine-small,sequential,52.0,8,1000000,4096,TSC ticks/access,2.697167949951172,2.64208984375,0.6359431834275615,2.63720703125,2.669189453125,2.633056640625,2.748291015625,73897,0
crux,small,results/crux-new-core-20260906T235055Z/crux/refine-small,sequential,56.0,8,1000000,4096,TSC ticks/access,2.690372125,2.642333984375,0.5900978363808336,2.6376953125,2.66357421875,2.633544921875,2.725341796875,77764,0
crux,small,results/crux-new-core-20260906T235055Z/crux/refine-small,sequential,60.0,8,1000000,4096,TSC ticks/access,2.6898343532714843,2.643310546875,0.5886024932338254,2.63916015625,2.659423828125,2.63525390625,2.714599609375,123277,0
crux,small,results/crux-new-core-20260906T235055Z/crux/refine-small,sequential,64.0,8,1000000,4096,TSC ticks/access,2.6879378674316405,2.640380859375,0.5802184931462956,2.6357421875,2.662353515625,2.6318359375,2.726318359375,73412,0
crux,middle,results/crux-new-core-20260906T235055Z/crux/refine-middle,empty,128.0,8,1000000,4096,TSC ticks/timer pair,40.825169,40.0,17.27595321769536,40.0,42.0,39.0,43.0,190,0
crux,middle,results/crux-new-core-20260906T235055Z/crux/refine-middle,random,128.0,8,1000000,4096,TSC ticks/access,7.537688923339844,7.4443359375,0.8749904375322974,7.38427734375,7.52001953125,7.314453125,7.73486328125,53294,0
crux,middle,results/crux-new-core-20260906T235055Z/crux/refine-middle,random,160.0,8,1000000,4096,TSC ticks/access,8.696723977539062,8.59130859375,0.9820222517311902,8.5048828125,8.693603515625,8.4052734375,8.940197753906233,42891,0
crux,middle,results/crux-new-core-20260906T235055Z/crux/refine-middle,random,192.0,8,1000000,4096,TSC ticks/access,8.837679004882812,8.67724609375,1.2189079367094995,8.582763671875,8.798583984375,8.470703125,9.179443359375,57468,0
crux,middle,results/crux-new-core-20260906T235055Z/crux/refine-middle,random,224.0,8,1000000,4096,TSC ticks/access,10.464598170166015,10.345458984375,1.0675498989442842,10.24267578125,10.466064453125,10.107177734375,10.750732421875,42110,0
crux,middle,results/crux-new-core-20260906T235055Z/crux/refine-middle,random,256.0,8,1000000,4096,TSC ticks/access,10.62382419555664,10.423583984375,1.4454944469033737,10.30712890625,10.5712890625,10.169189453125,11.065185546875,57931,0
crux,middle,results/crux-new-core-20260906T235055Z/crux/refine-middle,random,288.0,8,1000000,4096,TSC ticks/access,12.144429884033203,11.9990234375,1.1934945315068846,11.88720703125,12.1376953125,11.745849609375,12.51318359375,50250,0
crux,middle,results/crux-new-core-20260906T235055Z/crux/refine-middle,random,320.0,8,1000000,4096,TSC ticks/access,14.419829788085938,14.216796875,1.5575908490105423,14.094970703125,14.3505859375,13.903564453125,14.84521484375,61590,0
crux,middle,results/crux-new-core-20260906T235055Z/crux/refine-middle,random,352.0,8,1000000,4096,TSC ticks/access,15.661077488525391,15.482177734375,1.422903177006081,15.37744140625,15.606689453125,15.24609375,15.9765625,53068,0
crux,middle,results/crux-new-core-20260906T235055Z/crux/refine-middle,random,384.0,8,1000000,4096,TSC ticks/access,16.70992707714844,16.533203125,1.532230973896031,16.395263671875,16.6689453125,16.173828125,17.100341796875,55828,0
crux,middle,results/crux-new-core-20260906T235055Z/crux/refine-middle,random,448.0,8,1000000,4096,TSC ticks/access,19.11594558154297,18.932861328125,1.5141829540634815,18.835693359375,19.052734375,18.68701171875,19.39599609375,52898,0
crux,middle,results/crux-new-core-20260906T235055Z/crux/refine-middle,random,512.0,8,1000000,4096,TSC ticks/access,20.791261037109376,20.515869140625,1.9560621136200829,20.406494140625,20.639892578125,20.27978515625,21.133056640625,59705,0
crux,middle,results/crux-new-core-20260906T235055Z/crux/refine-middle,random,768.0,8,1000000,4096,TSC ticks/access,25.03217291381836,24.7236328125,2.193040037302232,24.625732421875,24.845703125,24.49853515625,25.600341796875,75870,0
crux,middle,results/crux-new-core-20260906T235055Z/crux/refine-middle,random,1024.0,8,1000000,4096,TSC ticks/access,27.175437077148437,26.838623046875,2.3499989045843734,26.725830078125,26.935546875,26.574462890625,27.89013671875,71644,0
crux,middle,results/crux-new-core-20260906T235055Z/crux/refine-middle,sequential,128.0,8,1000000,4096,TSC ticks/access,2.768294876220703,2.689453125,0.8765387764582608,2.641845703125,2.718505859375,2.6337890625,2.900146484375,75274,0
crux,middle,results/crux-new-core-20260906T235055Z/crux/refine-middle,sequential,160.0,8,1000000,4096,TSC ticks/access,2.72371045703125,2.6787109375,0.5737043936427165,2.649658203125,2.709716796875,2.640625,2.827392578125,63358,0
crux,middle,results/crux-new-core-20260906T235055Z/crux/refine-middle,sequential,192.0,8,1000000,4096,TSC ticks/access,2.7158422536621094,2.67822265625,0.4970592488062804,2.646484375,2.711669921875,2.6376953125,2.82373046875,56408,0
crux,middle,results/crux-new-core-20260906T235055Z/crux/refine-middle,sequential,224.0,8,1000000,4096,TSC ticks/access,2.726537481689453,2.68896484375,0.4755360456303539,2.660888671875,2.722412109375,2.64453125,2.83154296875,57211,0
crux,middle,results/crux-new-core-20260906T235055Z/crux/refine-middle,sequential,256.0,8,1000000,4096,TSC ticks/access,2.7497655227050783,2.703125,0.5955416367732379,2.68505859375,2.7353515625,2.661376953125,2.81201171875,50665,0
crux,middle,results/crux-new-core-20260906T235055Z/crux/refine-middle,sequential,288.0,8,1000000,4096,TSC ticks/access,2.7772077165527342,2.725830078125,0.6458298977954025,2.6953125,2.766845703125,2.659912109375,2.916259765625,67827,0
crux,middle,results/crux-new-core-20260906T235055Z/crux/refine-middle,sequential,320.0,8,1000000,4096,TSC ticks/access,2.7561558825683594,2.712158203125,0.6163846782821963,2.68603515625,2.73486328125,2.67333984375,2.823486328125,58219,0
crux,middle,results/crux-new-core-20260906T235055Z/crux/refine-middle,sequential,352.0,8,1000000,4096,TSC ticks/access,2.8964480339355467,2.776123046875,1.1349762205020006,2.7490234375,2.798828125,2.718505859375,3.024169921875,98742,0
crux,middle,results/crux-new-core-20260906T235055Z/crux/refine-middle,sequential,384.0,8,1000000,4096,TSC ticks/access,2.7476248955078124,2.705322265625,0.5678986824819222,2.68896484375,2.7275390625,2.6796875,2.787841796875,52666,0
crux,middle,results/crux-new-core-20260906T235055Z/crux/refine-middle,sequential,448.0,8,1000000,4096,TSC ticks/access,2.7366229792480468,2.69580078125,0.5866740021969686,2.691162109375,2.7021484375,2.6845703125,2.755859375,165551,0
crux,middle,results/crux-new-core-20260906T235055Z/crux/refine-middle,sequential,512.0,8,1000000,4096,TSC ticks/access,2.7505078295898437,2.70166015625,0.6137477935087627,2.695068359375,2.722900390625,2.6845703125,2.78173828125,71789,0
crux,middle,results/crux-new-core-20260906T235055Z/crux/refine-middle,sequential,768.0,8,1000000,4096,TSC ticks/access,2.737475610107422,2.698486328125,0.596455389315102,2.694580078125,2.702392578125,2.6904296875,2.7529296875,114908,0
crux,middle,results/crux-new-core-20260906T235055Z/crux/refine-middle,sequential,1024.0,8,1000000,4096,TSC ticks/access,2.8626685900878908,2.75634765625,1.1121974455913746,2.7509765625,2.76123046875,2.6943359375,2.8857421875,278903,0
crux,large,results/crux-new-core-20260906T235055Z/crux/refine-large,empty,4096.0,8,1000000,4096,TSC ticks/timer pair,40.884202,40.0,47.61872928130878,40.0,42.0,39.0,43.0,100,0
crux,large,results/crux-new-core-20260906T235055Z/crux/refine-large,random,4096.0,8,1000000,4096,TSC ticks/access,39.08023362060547,38.21044921875,4.187727718615785,37.60546875,39.020751953125,36.839599609375,43.740014648437466,80580,0
crux,large,results/crux-new-core-20260906T235055Z/crux/refine-large,random,5120.0,8,1000000,4096,TSC ticks/access,57.801040524658205,54.0166015625,12.832349370545417,52.4833984375,56.658447265625,50.512939453125,79.00710449218747,142074,0
crux,large,results/crux-new-core-20260906T235055Z/crux/refine-large,random,6144.0,8,1000000,4096,TSC ticks/access,112.34266103979492,121.863037109375,20.605016004511747,89.80340576171875,126.91015625,84.031494140625,140.581787109375,1758,0
crux,large,results/crux-new-core-20260906T235055Z/crux/refine-large,random,7168.0,8,1000000,4096,TSC ticks/access,138.08664892407228,142.044677734375,15.901345036249475,126.45623779296875,146.10107421875,112.395263671875,163.490478515625,14023,0
crux,large,results/crux-new-core-20260906T235055Z/crux/refine-large,random,8192.0,8,1000000,4096,TSC ticks/access,125.29307218945313,121.5087890625,13.25687364835669,119.3876953125,125.134521484375,116.95068359375,147.95460205078123,124787,0
crux,large,results/crux-new-core-20260906T235055Z/crux/refine-large,random,9216.0,8,1000000,4096,TSC ticks/access,150.48706127856445,141.4932861328125,17.96746514350807,136.03759765625,166.36090087890625,133.00732421875,178.302734375,6537,0
crux,large,results/crux-new-core-20260906T235055Z/crux/refine-large,random,10240.0,8,1000000,4096,TSC ticks/access,147.32980105908203,143.708740234375,12.785113693905513,141.72998046875,147.01422119140625,139.47728271484374,167.4829467773437,123729,0
crux,large,results/crux-new-core-20260906T235055Z/crux/refine-large,random,11264.0,8,1000000,4096,TSC ticks/access,156.13686756030273,152.989990234375,12.252517518006178,151.094482421875,155.9287109375,148.9189453125,172.45925292968747,112592,0
crux,large,results/crux-new-core-20260906T235055Z/crux/refine-large,random,12288.0,8,1000000,4096,TSC ticks/access,163.45225179956054,160.330322265625,12.253105216915053,158.488525390625,163.19244384765625,156.287353515625,179.57595214843747,108866,0
crux,large,results/crux-new-core-20260906T235055Z/crux/refine-large,random,14336.0,8,1000000,4096,TSC ticks/access,172.75552665942382,169.572265625,12.658373893177089,167.80859375,172.201416015625,165.7265625,192.8653076171874,112919,0
crux,large,results/crux-new-core-20260906T235055Z/crux/refine-large,random,16384.0,8,1000000,4096,TSC ticks/access,181.59489192333984,177.4140625,14.713907273714963,175.704833984375,180.5498046875,173.71044921875,207.58449707031247,114913,0
crux,large,results/crux-new-core-20260906T235055Z/crux/refine-large,random,20480.0,8,1000000,4096,TSC ticks/access,191.45767771826172,188.789794921875,11.625774960072969,187.401611328125,190.696533203125,185.644287109375,212.012451171875,99280,0
crux,large,results/crux-new-core-20260906T235055Z/crux/refine-large,random,24576.0,8,1000000,4096,TSC ticks/access,199.11043058911133,194.95654296875,14.33771234484697,193.599609375,197.352294921875,192.02099609375,226.469970703125,115633,0
crux,large,results/crux-new-core-20260906T235055Z/crux/refine-large,random,32768.0,8,1000000,4096,TSC ticks/access,205.64280500878905,202.951904296875,12.072572450073901,201.82958984375,204.489013671875,200.480224609375,227.55642089843747,77756,0
crux,large,results/crux-new-core-20260906T235055Z/crux/refine-large,sequential,4096.0,8,1000000,4096,TSC ticks/access,2.982938502441406,2.89208984375,0.7791830144494494,2.81494140625,3.012451171875,2.74072265625,3.23779296875,31727,0
crux,large,results/crux-new-core-20260906T235055Z/crux/refine-large,sequential,5120.0,8,1000000,4096,TSC ticks/access,2.8350877946777344,2.781494140625,0.5023856647981971,2.744140625,2.843994140625,2.705810546875,3.016845703125,65531,0
crux,large,results/crux-new-core-20260906T235055Z/crux/refine-large,sequential,6144.0,8,1000000,4096,TSC ticks/access,3.019469593261719,2.966064453125,0.6429523756807282,2.874267578125,3.089599609375,2.769287109375,3.272216796875,15475,0
crux,large,results/crux-new-core-20260906T235055Z/crux/refine-large,sequential,7168.0,8,1000000,4096,TSC ticks/access,3.086920258544922,3.024169921875,0.5193598114178007,2.959228515625,3.145263671875,2.891357421875,3.321533203125,21505,0
crux,large,results/crux-new-core-20260906T235055Z/crux/refine-large,sequential,8192.0,8,1000000,4096,TSC ticks/access,3.0658417861328124,3.00146484375,0.5548213340861167,2.943603515625,3.1181640625,2.882568359375,3.28076171875,21859,0
crux,large,results/crux-new-core-20260906T235055Z/crux/refine-large,sequential,9216.0,8,1000000,4096,TSC ticks/access,3.113358163574219,3.04931640625,0.5161103927717432,2.99462890625,3.167236328125,2.94287109375,3.332763671875,22103,0
crux,large,results/crux-new-core-20260906T235055Z/crux/refine-large,sequential,10240.0,8,1000000,4096,TSC ticks/access,3.132156388671875,3.068115234375,0.4968468286082283,3.01171875,3.190185546875,2.9619140625,3.35791015625,19978,0
crux,large,results/crux-new-core-20260906T235055Z/crux/refine-large,sequential,11264.0,8,1000000,4096,TSC ticks/access,3.1611736296386717,3.081787109375,0.6239929072497864,3.025146484375,3.208740234375,2.984619140625,3.376220703125,18302,0
crux,large,results/crux-new-core-20260906T235055Z/crux/refine-large,sequential,12288.0,8,1000000,4096,TSC ticks/access,3.158608824707031,3.087646484375,0.5401275953225549,3.032958984375,3.213134765625,2.994873046875,3.37451171875,19305,0
crux,large,results/crux-new-core-20260906T235055Z/crux/refine-large,sequential,14336.0,8,1000000,4096,TSC ticks/access,3.3884257961425783,3.247802734375,1.0946334042992683,3.140869140625,3.390380859375,3.056640625,3.67919921875,35679,0
crux,large,results/crux-new-core-20260906T235055Z/crux/refine-large,sequential,16384.0,8,1000000,4096,TSC ticks/access,3.2951123786621093,3.18896484375,0.8549525624074245,3.10400390625,3.326904296875,3.031982421875,3.568603515625,29632,0
crux,large,results/crux-new-core-20260906T235055Z/crux/refine-large,sequential,20480.0,8,1000000,4096,TSC ticks/access,3.187735248046875,3.10498046875,0.6286224865497384,3.048828125,3.23681640625,3.015869140625,3.40234375,18428,0
crux,large,results/crux-new-core-20260906T235055Z/crux/refine-large,sequential,24576.0,8,1000000,4096,TSC ticks/access,3.191795456298828,3.115478515625,0.5850337662333771,3.05908203125,3.248046875,3.021728515625,3.41845703125,19021,0
crux,large,results/crux-new-core-20260906T235055Z/crux/refine-large,sequential,32768.0,8,1000000,4096,TSC ticks/access,3.2055922622070314,3.119140625,0.6587523779832303,3.05908203125,3.253662109375,3.022705078125,3.43212890625,18965,0
ookay,full,results/capacity-20260906/ookay/full,empty,4.0,8,1000000,4096,TSC ticks/timer pair,53.841582,54.0,44.179356395864424,52.0,54.0,52.0,56.0,3344,0
ookay,full,results/capacity-20260906/ookay/full,random,4.0,8,1000000,4096,TSC ticks/access,3.5643794096679686,3.5380859375,0.804800932140702,3.533203125,3.54296875,3.529296875,3.591796875,201374,0
ookay,full,results/capacity-20260906/ookay/full,random,8.0,8,1000000,4096,TSC ticks/access,3.5678836591796874,3.5390625,0.6666051149195129,3.533203125,3.5634765625,3.529296875,3.599609375,37263,0
ookay,full,results/capacity-20260906/ookay/full,random,16.0,8,1000000,4096,TSC ticks/access,3.571965868652344,3.53955078125,0.7467171598166349,3.53369140625,3.56787109375,3.529296875,3.60986328125,41796,0
ookay,full,results/capacity-20260906/ookay/full,random,32.0,8,1000000,4096,TSC ticks/access,3.631900052734375,3.5859375,2.946373706727695,3.57421875,3.62744140625,3.5654296875,3.6904296875,38347,0
ookay,full,results/capacity-20260906/ookay/full,random,64.0,8,1000000,4096,TSC ticks/access,7.452733075683594,7.4052734375,1.1640015305337168,7.36083984375,7.45703125,7.31103515625,7.59375,47429,0
ookay,full,results/capacity-20260906/ookay/full,random,128.0,8,1000000,4096,TSC ticks/access,10.785583262695312,10.68603515625,7.606438933914209,10.587890625,10.78955078125,10.47021484375,11.0087890625,31659,0
ookay,full,results/capacity-20260906/ookay/full,random,256.0,8,1000000,4096,TSC ticks/access,15.355623071777345,15.2216796875,5.553550629184176,15.09912109375,15.365234375,14.94384765625,15.6904296875,39787,0
ookay,full,results/capacity-20260906/ookay/full,random,512.0,8,1000000,4096,TSC ticks/access,27.43770184716797,27.23388671875,13.73466914540289,27.0927734375,27.39599609375,26.9228515625,27.75146484375,42377,0
ookay,full,results/capacity-20260906/ookay/full,random,1024.0,8,1000000,4096,TSC ticks/access,34.908022942382814,34.66162109375,14.676251119324027,34.5029296875,34.77197265625,34.3173828125,35.1162109375,46744,0
ookay,full,results/capacity-20260906/ookay/full,random,2048.0,8,1000000,4096,TSC ticks/access,41.623576526855466,38.54638671875,107.97549540735001,38.4501953125,38.6513671875,38.30078125,40.75146484375,75222,0
ookay,full,results/capacity-20260906/ookay/full,random,4096.0,8,1000000,4096,TSC ticks/access,43.6970457915039,43.40234375,8.59093589130011,43.04736328125,43.8212890625,42.5947265625,45.46826171875,64829,0
ookay,full,results/capacity-20260906/ookay/full,random,8192.0,8,1000000,4096,TSC ticks/access,129.5467842241211,128.85400390625,29.202462120387626,126.93701171875,130.96533203125,124.3876953125,134.97998046875,31424,0
ookay,full,results/capacity-20260906/ookay/full,random,16384.0,8,1000000,4096,TSC ticks/access,203.45706593408204,202.7060546875,27.859560867484987,201.16845703125,204.43212890625,199.15576171875,207.490234375,26790,0
ookay,full,results/capacity-20260906/ookay/full,random,32768.0,8,1000000,4096,TSC ticks/access,236.78580848486328,235.86328125,19.84786763286802,234.7734375,237.47998046875,233.43212890625,239.94240722656247,22764,0
ookay,full,results/capacity-20260906/ookay/full,random,65536.0,8,1000000,4096,TSC ticks/access,254.74263998242188,253.61279296875,31.004213689790788,252.8154296875,255.32373046875,251.8525390625,257.2919921875,21027,0
ookay,full,results/capacity-20260906/ookay/full,random,131072.0,8,1000000,4096,TSC ticks/access,268.3155038139648,267.06494140625,30.110537041341416,266.341796875,268.86181640625,265.50439453125,270.53076171875,18324,0
ookay,full,results/capacity-20260906/ookay/full,random,262144.0,8,1000000,4096,TSC ticks/access,276.5080480751953,275.15478515625,43.63096493705939,274.45751953125,277.02392578125,273.65673828125,278.58740234375,17972,0
ookay,full,results/capacity-20260906/ookay/full,sequential,4.0,8,1000000,4096,TSC ticks/access,3.561575994140625,3.53759765625,0.9402852305292154,3.53271484375,3.54248046875,3.529296875,3.58056640625,162121,0
ookay,full,results/capacity-20260906/ookay/full,sequential,8.0,8,1000000,4096,TSC ticks/access,3.564452991699219,3.53857421875,0.7526403619810382,3.533203125,3.54345703125,3.529296875,3.59912109375,217264,0
ookay,full,results/capacity-20260906/ookay/full,sequential,16.0,8,1000000,4096,TSC ticks/access,3.5764567485351564,3.53955078125,2.2846581132431423,3.53369140625,3.5712890625,3.529296875,3.62255859375,43560,0
ookay,full,results/capacity-20260906/ookay/full,sequential,32.0,8,1000000,4096,TSC ticks/access,3.6182072119140627,3.583984375,2.337722958374021,3.572265625,3.62060546875,3.53369140625,3.6826171875,42128,0
ookay,full,results/capacity-20260906/ookay/full,sequential,64.0,8,1000000,4096,TSC ticks/access,3.87950875,3.5888671875,1.0525002092404,3.5546875,4.41748046875,3.5458984375,4.4853515625,4567,0
ookay,full,results/capacity-20260906/ookay/full,sequential,128.0,8,1000000,4096,TSC ticks/access,3.8058937680664062,3.591796875,3.24495097448677,3.56103515625,3.71826171875,3.55078125,4.5068359375,216367,0
ookay,full,results/capacity-20260906/ookay/full,sequential,256.0,8,1000000,4096,TSC ticks/access,3.682836968261719,3.6201171875,0.44344354991702106,3.59033203125,3.64990234375,3.572265625,4.00732421875,81856,0
ookay,full,results/capacity-20260906/ookay/full,sequential,512.0,8,1000000,4096,TSC ticks/access,3.725248531738281,3.6279296875,7.1419061366637475,3.6220703125,3.63720703125,3.61572265625,4.59033203125,161668,0
ookay,full,results/capacity-20260906/ookay/full,sequential,1024.0,8,1000000,4096,TSC ticks/access,4.279452866210938,4.60302734375,0.7977851489578122,3.6318359375,4.61328125,3.62060546875,4.64453125,3743,0
ookay,full,results/capacity-20260906/ookay/full,sequential,2048.0,8,1000000,4096,TSC ticks/access,3.822562553222656,3.6298828125,7.370043966041491,3.6240234375,3.658203125,3.61767578125,4.61767578125,167855,0
ookay,full,results/capacity-20260906/ookay/full,sequential,4096.0,8,1000000,4096,TSC ticks/access,4.079562962890625,3.71923828125,0.9890243036826879,3.65185546875,4.6435546875,3.62353515625,4.837890625,3855,0
ookay,full,results/capacity-20260906/ookay/full,sequential,8192.0,8,1000000,4096,TSC ticks/access,4.491195311035156,4.23193359375,1.7245574982217968,4.0302734375,5.02880859375,3.904296875,5.26953125,5188,0
ookay,full,results/capacity-20260906/ookay/full,sequential,16384.0,8,1000000,4096,TSC ticks/access,4.308644170898438,4.2529296875,0.6532982714461555,4.07080078125,4.3544921875,4.01123046875,5.16796875,80927,0
ookay,full,results/capacity-20260906/ookay/full,sequential,32768.0,8,1000000,4096,TSC ticks/access,4.667619980957031,4.3671875,2.9510003786134065,4.19921875,5.1806640625,4.0380859375,5.412109375,5531,0
ookay,full,results/capacity-20260906/ookay/full,sequential,65536.0,8,1000000,4096,TSC ticks/access,4.634206301757812,4.3486328125,0.8823451342968621,4.189453125,5.16748046875,4.0380859375,5.40478515625,5302,0
ookay,full,results/capacity-20260906/ookay/full,sequential,131072.0,8,1000000,4096,TSC ticks/access,4.869086511230469,5.09765625,1.837255265305111,4.2841796875,5.26513671875,4.05224609375,5.43798828125,5531,0
ookay,full,results/capacity-20260906/ookay/full,sequential,262144.0,8,1000000,4096,TSC ticks/access,4.257909165039062,4.23974609375,0.5209696552751639,4.087890625,4.32861328125,4.02880859375,4.47021484375,23587,0
ookay,small,results/capacity-20260906/ookay/refine-small,empty,16.0,8,1000000,4096,TSC ticks/timer pair,53.925996,54.0,73.98433935023311,52.0,54.0,52.0,56.0,3306,0
ookay,small,results/capacity-20260906/ookay/refine-small,random,16.0,8,1000000,4096,TSC ticks/access,3.6010739995117187,3.53955078125,8.068718823107606,3.53369140625,3.57080078125,3.529296875,3.623046875,44887,0
ookay,small,results/capacity-20260906/ookay/refine-small,random,24.0,8,1000000,4096,TSC ticks/access,3.598808149902344,3.54150390625,4.567527559573413,3.53466796875,3.58447265625,3.529296875,3.64111328125,29659,0
ookay,small,results/capacity-20260906/ookay/refine-small,random,28.0,8,1000000,4096,TSC ticks/access,3.59033673828125,3.54296875,2.4938972026435637,3.53564453125,3.5849609375,3.52978515625,3.640625,29933,0
ookay,small,results/capacity-20260906/ookay/refine-small,random,32.0,8,1000000,4096,TSC ticks/access,3.6279989462890625,3.58056640625,2.857423188071264,3.56982421875,3.62109375,3.55908203125,3.6806640625,34090,0
ookay,small,results/capacity-20260906/ookay/refine-small,random,36.0,8,1000000,4096,TSC ticks/access,4.56384833203125,4.51220703125,2.0638596726441847,4.48486328125,4.54833984375,4.45556640625,4.6259765625,38021,0
ookay,small,results/capacity-20260906/ookay/refine-small,random,40.0,8,1000000,4096,TSC ticks/access,5.311684070800781,5.2490234375,7.647703381571518,5.216796875,5.2900390625,5.18359375,5.38427734375,41818,0
ookay,small,results/capacity-20260906/ookay/refine-small,random,44.0,8,1000000,4096,TSC ticks/access,5.821620669433594,5.75927734375,3.733525032272861,5.7275390625,5.802734375,5.677734375,5.8984375,40898,0
ookay,small,results/capacity-20260906/ookay/refine-small,random,48.0,8,1000000,4096,TSC ticks/access,6.317584909667969,6.23828125,7.7206627095232925,6.20654296875,6.28125,6.15185546875,6.38671875,46860,0
ookay,small,results/capacity-20260906/ookay/refine-small,random,52.0,8,1000000,4096,TSC ticks/access,6.721692812988281,6.6494140625,6.576108886875096,6.60888671875,6.69775390625,6.56298828125,6.81591796875,44295,0
ookay,small,results/capacity-20260906/ookay/refine-small,random,56.0,8,1000000,4096,TSC ticks/access,6.985714696777344,6.87548828125,11.76898559289152,6.83935546875,6.92236328125,6.80126953125,7.0380859375,46383,0
ookay,small,results/capacity-20260906/ookay/refine-small,random,60.0,8,1000000,4096,TSC ticks/access,7.1839972158203125,7.115234375,2.3627924061979404,7.0673828125,7.17236328125,7.013671875,7.310546875,42972,0
ookay,small,results/capacity-20260906/ookay/refine-small,random,64.0,8,1000000,4096,TSC ticks/access,7.477936657226563,7.404296875,2.5460293467387305,7.35888671875,7.45654296875,7.30712890625,7.59423828125,47117,0
ookay,small,results/capacity-20260906/ookay/refine-small,sequential,16.0,8,1000000,4096,TSC ticks/access,3.642892354980469,3.53955078125,16.904727233167808,3.53369140625,3.57080078125,3.529296875,3.62255859375,45288,0
ookay,small,results/capacity-20260906/ookay/refine-small,sequential,24.0,8,1000000,4096,TSC ticks/access,3.6012439111328125,3.5400390625,6.745337329572959,3.5341796875,3.57763671875,3.529296875,3.6337890625,40366,0
ookay,small,results/capacity-20260906/ookay/refine-small,sequential,28.0,8,1000000,4096,TSC ticks/access,3.5892338295898436,3.54248046875,1.572341990042197,3.53564453125,3.587890625,3.529296875,3.64794921875,32552,0
ookay,small,results/capacity-20260906/ookay/refine-small,sequential,32.0,8,1000000,4096,TSC ticks/access,3.6529350581054687,3.61279296875,1.6198350250543465,3.60302734375,3.65625,3.55517578125,3.72021484375,37920,0
ookay,small,results/capacity-20260906/ookay/refine-small,sequential,36.0,8,1000000,4096,TSC ticks/access,4.106083262207031,4.40625,2.014833248820715,3.5576171875,4.42138671875,3.54638671875,4.47412109375,4961,0
ookay,small,results/capacity-20260906/ookay/refine-small,sequential,40.0,8,1000000,4096,TSC ticks/access,3.749686685058594,3.56005859375,1.6482871837629147,3.552734375,3.60400390625,3.546875,4.44677734375,197760,0
ookay,small,results/capacity-20260906/ookay/refine-small,sequential,44.0,8,1000000,4096,TSC ticks/access,3.6318471650390625,3.5576171875,4.218828002769694,3.5517578125,3.58447265625,3.54638671875,3.731958007812466,77381,0
ookay,small,results/capacity-20260906/ookay/refine-small,sequential,48.0,8,1000000,4096,TSC ticks/access,3.980986001464844,3.5966796875,7.711376792951824,3.55712890625,4.42041015625,3.54833984375,4.47607421875,4911,0
ookay,small,results/capacity-20260906/ookay/refine-small,sequential,52.0,8,1000000,4096,TSC ticks/access,3.8383694340820314,3.56689453125,1.662586039005684,3.55224609375,4.41064453125,3.54541015625,4.46484375,4509,0
ookay,small,results/capacity-20260906/ookay/refine-small,sequential,56.0,8,1000000,4096,TSC ticks/access,3.9717076245117187,3.59619140625,1.9320717891355117,3.5556640625,4.421875,3.546875,4.47998046875,4771,0
ookay,small,results/capacity-20260906/ookay/refine-small,sequential,60.0,8,1000000,4096,TSC ticks/access,3.7326034052734376,3.55908203125,4.316702069234144,3.5517578125,3.6005859375,3.5458984375,4.4453125,168624,0
ookay,small,results/capacity-20260906/ookay/refine-small,sequential,64.0,8,1000000,4096,TSC ticks/access,3.6813181108398436,3.55810546875,7.989496984139438,3.55126953125,3.59228515625,3.54541015625,4.419921875,111941,0
ookay,middle,results/capacity-20260906/ookay/refine-middle,empty,128.0,8,1000000,4096,TSC ticks/timer pair,53.97339,54.0,119.7560095753434,52.0,54.0,52.0,56.0,3274,0
ookay,middle,results/capacity-20260906/ookay/refine-middle,random,128.0,8,1000000,4096,TSC ticks/access,9.325403922851562,9.13134765625,21.43403132441756,9.0625,9.21826171875,8.98681640625,9.4345703125,44740,0
ookay,middle,results/capacity-20260906/ookay/refine-middle,random,160.0,8,1000000,4096,TSC ticks/access,11.45212044189453,11.3359375,6.370944057645338,11.2265625,11.4521484375,11.06787109375,11.70556640625,33482,0
ookay,middle,results/capacity-20260906/ookay/refine-middle,random,192.0,8,1000000,4096,TSC ticks/access,11.538485518066405,11.3515625,14.44087357618106,11.25146484375,11.47119140625,11.12841796875,11.74462890625,38958,0
ookay,middle,results/capacity-20260906/ookay/refine-middle,random,224.0,8,1000000,4096,TSC ticks/access,17.545996002929687,17.3837890625,5.505510313434477,17.2451171875,17.54345703125,17.07177734375,17.8681640625,33686,0
ookay,middle,results/capacity-20260906/ookay/refine-middle,random,256.0,8,1000000,4096,TSC ticks/access,14.990106975097657,14.83251953125,5.179131171393152,14.65966796875,15.0146484375,14.4140625,15.380395507812466,33481,0
ookay,middle,results/capacity-20260906/ookay/refine-middle,random,288.0,8,1000000,4096,TSC ticks/access,20.470365702148438,20.31494140625,3.913040866580507,20.1015625,20.5224609375,19.833984375,20.9130859375,31251,0
ookay,middle,results/capacity-20260906/ookay/refine-middle,random,320.0,8,1000000,4096,TSC ticks/access,18.72600171826172,18.53076171875,9.718488893532292,18.38720703125,18.6875,18.18701171875,19.07861328125,44815,0
ookay,middle,results/capacity-20260906/ookay/refine-middle,random,352.0,8,1000000,4096,TSC ticks/access,20.427483240722655,20.162109375,13.750805222333414,20.01953125,20.32958984375,19.837890625,20.8134765625,51700,0
ookay,middle,results/capacity-20260906/ookay/refine-middle,random,384.0,8,1000000,4096,TSC ticks/access,23.07722593457031,22.865234375,5.83877952683243,22.71435546875,23.02099609375,22.47607421875,23.4521484375,49774,0
ookay,middle,results/capacity-20260906/ookay/refine-middle,random,448.0,8,1000000,4096,TSC ticks/access,25.698322243652346,25.36962890625,15.283688030900855,25.21923828125,25.55908203125,25.02978515625,26.0849609375,51219,0
ookay,middle,results/capacity-20260906/ookay/refine-middle,random,512.0,8,1000000,4096,TSC ticks/access,26.92117512402344,26.59619140625,15.079191219490161,26.4736328125,26.80224609375,26.33935546875,27.1005859375,41466,0
ookay,middle,results/capacity-20260906/ookay/refine-middle,random,768.0,8,1000000,4096,TSC ticks/access,32.304181278320314,31.9853515625,21.69600646678887,31.84228515625,32.109375,31.64453125,32.4296875,46682,0
ookay,middle,results/capacity-20260906/ookay/refine-middle,random,1024.0,8,1000000,4096,TSC ticks/access,35.02852693847656,34.6328125,22.022045980478573,34.525390625,34.77587890625,34.3525390625,35.109375,51282,0
ookay,middle,results/capacity-20260906/ookay/refine-middle,sequential,128.0,8,1000000,4096,TSC ticks/access,3.6452278041992185,3.56201171875,1.5538879218224315,3.552734375,3.60107421875,3.5458984375,3.87109375,104153,0
ookay,middle,results/capacity-20260906/ookay/refine-middle,sequential,160.0,8,1000000,4096,TSC ticks/access,3.841716002441406,3.60888671875,1.8740266865129733,3.57470703125,3.791015625,3.55712890625,4.55126953125,230320,0
ookay,middle,results/capacity-20260906/ookay/refine-middle,sequential,192.0,8,1000000,4096,TSC ticks/access,3.730935677734375,3.6171875,1.514092004253103,3.5830078125,3.6669921875,3.56005859375,4.5234375,122750,0
ookay,middle,results/capacity-20260906/ookay/refine-middle,sequential,224.0,8,1000000,4096,TSC ticks/access,4.165400780273438,4.470703125,5.4637319786750975,3.62939453125,4.587890625,3.57861328125,4.70068359375,4097,0
ookay,middle,results/capacity-20260906/ookay/refine-middle,sequential,256.0,8,1000000,4096,TSC ticks/access,3.959338443847656,3.6640625,2.0857758823794788,3.61865234375,4.533203125,3.578125,4.66650390625,3914,0
ookay,middle,results/capacity-20260906/ookay/refine-middle,sequential,288.0,8,1000000,4096,TSC ticks/access,4.041477547851563,3.65576171875,7.519665326812792,3.6181640625,4.5888671875,3.591796875,4.658203125,3449,0
ookay,middle,results/capacity-20260906/ookay/refine-middle,sequential,320.0,8,1000000,4096,TSC ticks/access,4.019421946289063,3.66650390625,1.8679382977771029,3.62548828125,4.58935546875,3.6015625,4.6689453125,3878,0
ookay,middle,results/capacity-20260906/ookay/refine-middle,sequential,352.0,8,1000000,4096,TSC ticks/access,4.400292345703125,4.6044921875,1.8102748720506254,3.7392578125,4.63623046875,3.6181640625,4.72998046875,4532,0
ookay,middle,results/capacity-20260906/ookay/refine-middle,sequential,384.0,8,1000000,4096,TSC ticks/access,4.410718958007813,4.60009765625,3.8011200017232696,4.52978515625,4.62451171875,3.6181640625,4.6708984375,264349,0
ookay,middle,results/capacity-20260906/ookay/refine-middle,sequential,448.0,8,1000000,4096,TSC ticks/access,4.189633332519532,4.5791015625,2.383908881528492,3.62939453125,4.6123046875,3.6162109375,4.654296875,3556,0
ookay,middle,results/capacity-20260906/ookay/refine-middle,sequential,512.0,8,1000000,4096,TSC ticks/access,3.8360071655273438,3.63232421875,1.9299876672701641,3.6240234375,3.67041015625,3.61572265625,4.62744140625,183443,0
ookay,middle,results/capacity-20260906/ookay/refine-middle,sequential,768.0,8,1000000,4096,TSC ticks/access,3.734729154296875,3.6298828125,1.9141692376024402,3.62451171875,3.63671875,3.6181640625,4.60546875,170663,0
ookay,middle,results/capacity-20260906/ookay/refine-middle,sequential,1024.0,8,1000000,4096,TSC ticks/access,3.8446906123046873,3.63037109375,4.4285348109629785,3.62451171875,3.66015625,3.6181640625,4.61572265625,186622,0
ookay,large,results/capacity-20260906/ookay/refine-large,empty,2048.0,8,1000000,4096,TSC ticks/timer pair,54.005394,54.0,123.61174626534714,52.0,54.0,52.0,56.0,3194,0
ookay,large,results/capacity-20260906/ookay/refine-large,random,2048.0,8,1000000,4096,TSC ticks/access,38.8429074453125,38.556640625,11.463845780708597,38.45947265625,38.66259765625,38.28466796875,38.953125,53874,0
ookay,large,results/capacity-20260906/ookay/refine-large,random,4096.0,8,1000000,4096,TSC ticks/access,44.14018065820313,43.6494140625,22.145523901800427,43.26220703125,44.103515625,42.7666015625,46.1220703125,70619,0
ookay,large,results/capacity-20260906/ookay/refine-large,random,5120.0,8,1000000,4096,TSC ticks/access,54.667074850097656,53.90478515625,20.23787112908994,53.05419921875,54.9384765625,51.96630859375,57.61474609375,48194,0
ookay,large,results/capacity-20260906/ookay/refine-large,random,6144.0,8,1000000,4096,TSC ticks/access,78.93475915673828,77.08544921875,55.3921633244445,75.51025390625,79.01806640625,73.46240234375,84.021484375,54726,0
ookay,large,results/capacity-20260906/ookay/refine-large,random,7168.0,8,1000000,4096,TSC ticks/access,109.09672567822265,108.02099609375,20.07078768704467,106.06982421875,110.29052734375,103.6015625,115.5458984375,44702,0
ookay,large,results/capacity-20260906/ookay/refine-large,random,8192.0,8,1000000,4096,TSC ticks/access,132.86697522753906,131.92041015625,23.083327549100996,130.03515625,134.076171875,127.552734375,138.57666015625,39863,0
ookay,large,results/capacity-20260906/ookay/refine-large,random,9216.0,8,1000000,4096,TSC ticks/access,149.22731711816405,148.1904296875,20.02121598514172,146.34326171875,150.294921875,143.92919921875,154.69482421875,40509,0
ookay,large,results/capacity-20260906/ookay/refine-large,random,10240.0,8,1000000,4096,TSC ticks/access,161.48592396728515,160.251953125,28.719642291406217,158.46875,162.333984375,156.1708984375,167.19921875,45166,0
ookay,large,results/capacity-20260906/ookay/refine-large,random,12288.0,8,1000000,4096,TSC ticks/access,180.5104239682617,179.23876953125,41.20521642753369,177.41748046875,181.28125,175.0361328125,185.47119140625,37659,0
ookay,large,results/capacity-20260906/ookay/refine-large,random,14336.0,8,1000000,4096,TSC ticks/access,193.9305561533203,192.794921875,32.51244143706027,191.08837890625,194.7265625,188.787109375,198.533203125,34486,0
ookay,large,results/capacity-20260906/ookay/refine-large,random,16384.0,8,1000000,4096,TSC ticks/access,205.60187188427733,202.44580078125,78.41229913362889,200.861328125,204.32861328125,198.80712890625,208.70998535156247,45874,0
ookay,large,results/capacity-20260906/ookay/refine-large,sequential,2048.0,8,1000000,4096,TSC ticks/access,3.885269986328125,3.6337890625,1.7453946510890799,3.62548828125,3.693359375,3.61767578125,4.63232421875,236386,0
ookay,large,results/capacity-20260906/ookay/refine-large,sequential,4096.0,8,1000000,4096,TSC ticks/access,3.8490107416992188,3.7265625,7.806797110013023,3.6767578125,3.82080078125,3.63037109375,4.18212890625,76472,0
ookay,large,results/capacity-20260906/ookay/refine-large,sequential,5120.0,8,1000000,4096,TSC ticks/access,4.5127176059570315,4.75,2.098158397028171,3.8720703125,4.91064453125,3.71337890625,5.11865234375,4797,0
ookay,large,results/capacity-20260906/ookay/refine-large,sequential,6144.0,8,1000000,4096,TSC ticks/access,4.154435647460938,3.98388671875,6.9898703165084495,3.86474609375,4.15478515625,3.763671875,5.0478515625,142426,0
ookay,large,results/capacity-20260906/ookay/refine-large,sequential,7168.0,8,1000000,4096,TSC ticks/access,4.678810111328125,4.91943359375,1.9087003011624013,4.0947265625,5.06103515625,3.87060546875,5.2421875,5463,0
ookay,large,results/capacity-20260906/ookay/refine-large,sequential,8192.0,8,1000000,4096,TSC ticks/access,4.138112424804688,4.095703125,1.73095858762391,3.9697265625,4.21533203125,3.8876953125,4.3525390625,19776,0
ookay,large,results/capacity-20260906/ookay/refine-large,sequential,9216.0,8,1000000,4096,TSC ticks/access,4.525767610351562,4.26171875,5.443065550890763,4.0615234375,5.04638671875,3.947265625,5.30419921875,5368,0
ookay,large,results/capacity-20260906/ookay/refine-large,sequential,10240.0,8,1000000,4096,TSC ticks/access,4.443093026855469,4.2412109375,7.263787721353572,4.04638671875,4.4248046875,3.96142578125,5.294921875,208079,0
ookay,large,results/capacity-20260906/ookay/refine-large,sequential,12288.0,8,1000000,4096,TSC ticks/access,4.762773366699219,5.01171875,2.0344748305993727,4.23046875,5.18994140625,4.00439453125,5.388671875,5582,0
ookay,large,results/capacity-20260906/ookay/refine-large,sequential,14336.0,8,1000000,4096,TSC ticks/access,4.336658303222657,4.2568359375,1.7148729887629044,4.06689453125,4.36083984375,4.00439453125,5.21240234375,104086,0
ookay,large,results/capacity-20260906/ookay/refine-large,sequential,16384.0,8,1000000,4096,TSC ticks/access,4.324980786132812,4.25341796875,2.0124884313272684,4.0732421875,4.3544921875,4.01318359375,5.17626953125,83651,0
upgrade,full,results/capacity-20260906/upgrade/full,empty,4.0,8,1000000,4096,TSC ticks/timer pair,45.518324,46.0,41.04374084826683,44.0,46.0,43.0,48.0,1051,0
upgrade,full,results/capacity-20260906/upgrade/full,random,4.0,8,1000000,4096,TSC ticks/access,2.9224624438476563,2.85791015625,0.7360184806171949,2.85400390625,2.862060546875,2.8505859375,2.92724609375,172478,0
upgrade,full,results/capacity-20260906/upgrade/full,random,8.0,8,1000000,4096,TSC ticks/access,2.943541990234375,2.915283203125,0.7569528897727227,2.857421875,2.92333984375,2.851318359375,2.97021484375,13028,0
upgrade,full,results/capacity-20260906/upgrade/full,random,16.0,8,1000000,4096,TSC ticks/access,2.940433501953125,2.86181640625,0.7633309421089314,2.85595703125,2.9189453125,2.85107421875,2.9853515625,22200,0
upgrade,full,results/capacity-20260906/upgrade/full,random,32.0,8,1000000,4096,TSC ticks/access,2.980644455810547,2.9375,0.7088913307210194,2.885498046875,2.955322265625,2.87353515625,3.025634765625,27495,0
upgrade,full,results/capacity-20260906/upgrade/full,random,64.0,8,1000000,4096,TSC ticks/access,6.150836791748047,6.006103515625,1.4880849327568333,5.955810546875,6.089111328125,5.90283203125,6.2373046875,34299,0
upgrade,full,results/capacity-20260906/upgrade/full,random,128.0,8,1000000,4096,TSC ticks/access,9.596024423583984,9.384521484375,2.094079525038355,9.283203125,9.514892578125,9.172607421875,9.736328125,33796,0
upgrade,full,results/capacity-20260906/upgrade/full,random,256.0,8,1000000,4096,TSC ticks/access,12.242016832519532,11.978759765625,2.183786842364931,11.8134765625,12.159912109375,11.609375,12.571044921875,42109,0
upgrade,full,results/capacity-20260906/upgrade/full,random,512.0,8,1000000,4096,TSC ticks/access,23.33282253051758,22.75244140625,3.0536639120754665,22.6044921875,22.9755859375,22.436767578125,24.498779296875,73792,0
upgrade,full,results/capacity-20260906/upgrade/full,random,1024.0,8,1000000,4096,TSC ticks/access,29.497375096435547,28.765625,3.7379548343576783,28.6533203125,29.0234375,28.4462890625,30.7373046875,86000,0
upgrade,full,results/capacity-20260906/upgrade/full,random,2048.0,8,1000000,4096,TSC ticks/access,32.82884337158203,32.03173828125,3.9254509336088574,31.910400390625,32.658935546875,31.791259765625,33.989013671875,51826,0
upgrade,full,results/capacity-20260906/upgrade/full,random,4096.0,8,1000000,4096,TSC ticks/access,34.7720889555664,34.08984375,3.589677354946502,33.8173828125,34.655517578125,33.649169921875,35.99244384765623,50636,0
upgrade,full,results/capacity-20260906/upgrade/full,random,8192.0,8,1000000,4096,TSC ticks/access,61.62952128051758,60.32666015625,6.360467803257135,59.149169921875,61.719482421875,57.65843505859375,73.096923828125,75318,0
upgrade,full,results/capacity-20260906/upgrade/full,random,16384.0,8,1000000,4096,TSC ticks/access,160.12079584423827,157.121826171875,9.992342277011618,155.502685546875,159.2958984375,153.45189208984374,180.74462890625,146216,0
upgrade,full,results/capacity-20260906/upgrade/full,random,32768.0,8,1000000,4096,TSC ticks/access,201.43940495654297,197.778564453125,10.382962416332276,196.609619140625,199.729248046875,195.239013671875,221.5693359375,171280,0
upgrade,full,results/capacity-20260906/upgrade/full,random,65536.0,8,1000000,4096,TSC ticks/access,222.63587017138673,218.31689453125,11.26584286403416,217.347900390625,220.510009765625,216.38963623046874,242.018310546875,195474,0
upgrade,full,results/capacity-20260906/upgrade/full,random,131072.0,8,1000000,4096,TSC ticks/access,235.90823644311524,231.552978515625,11.276382772620256,230.503662109375,233.941162109375,229.693359375,254.93359375,198755,0
upgrade,full,results/capacity-20260906/upgrade/full,random,262144.0,8,1000000,4096,TSC ticks/access,243.50433176611327,239.42822265625,11.104384977211952,238.1416015625,241.731689453125,237.391845703125,262.457763671875,191490,0
upgrade,full,results/capacity-20260906/upgrade/full,sequential,4.0,8,1000000,4096,TSC ticks/access,2.9434950837402343,2.88330078125,0.7362340725084144,2.8564453125,2.92236328125,2.85107421875,2.9833984375,12223,0
upgrade,full,results/capacity-20260906/upgrade/full,sequential,8.0,8,1000000,4096,TSC ticks/access,2.942553987792969,2.859619140625,0.8063957145636625,2.85498046875,2.905517578125,2.85107421875,2.963134765625,36063,0
upgrade,full,results/capacity-20260906/upgrade/full,sequential,16.0,8,1000000,4096,TSC ticks/access,2.9472215634765626,2.8623046875,0.7439809815641028,2.8564453125,2.9208984375,2.85107421875,2.979248046875,23550,0
upgrade,full,results/capacity-20260906/upgrade/full,sequential,32.0,8,1000000,4096,TSC ticks/access,2.9883336083984373,2.91064453125,1.6222284102861328,2.887451171875,2.944091796875,2.85693359375,3.032958984375,52740,0
upgrade,full,results/capacity-20260906/upgrade/full,sequential,64.0,8,1000000,4096,TSC ticks/access,2.954967509033203,2.873779296875,0.787982046780403,2.8681640625,2.9287109375,2.863037109375,3.00244140625,33430,0
upgrade,full,results/capacity-20260906/upgrade/full,sequential,128.0,8,1000000,4096,TSC ticks/access,2.9668665925292967,2.933837890625,0.6185522859387569,2.879150390625,2.947021484375,2.867919921875,3.018310546875,34906,0
upgrade,full,results/capacity-20260906/upgrade/full,sequential,256.0,8,1000000,4096,TSC ticks/access,3.019965766357422,2.944580078125,0.7602661124945517,2.909423828125,2.98095703125,2.889892578125,3.079345703125,47271,0
upgrade,full,results/capacity-20260906/upgrade/full,sequential,512.0,8,1000000,4096,TSC ticks/access,3.0130920947265625,2.9375,0.7197095781842179,2.9306640625,2.9951171875,2.92236328125,3.052734375,17130,0
upgrade,full,results/capacity-20260906/upgrade/full,sequential,1024.0,8,1000000,4096,TSC ticks/access,3.0119449047851563,2.93408203125,0.8152214223849937,2.929443359375,2.94482421875,2.9248046875,3.006103515625,224847,0
upgrade,full,results/capacity-20260906/upgrade/full,sequential,2048.0,8,1000000,4096,TSC ticks/access,3.0414696982421874,2.99658203125,0.6116524793389805,2.937744140625,3.0029296875,2.927734375,3.029052734375,37519,0
upgrade,full,results/capacity-20260906/upgrade/full,sequential,4096.0,8,1000000,4096,TSC ticks/access,3.029982673828125,2.93798828125,0.845405397089004,2.93212890625,2.965087890625,2.92626953125,3.087158203125,101891,0
upgrade,full,results/capacity-20260906/upgrade/full,sequential,8192.0,8,1000000,4096,TSC ticks/access,3.3792857592773435,3.2646484375,0.903606903588064,3.171875,3.38623046875,3.09765625,3.64013671875,48235,0
upgrade,full,results/capacity-20260906/upgrade/full,sequential,16384.0,8,1000000,4096,TSC ticks/access,3.547792048828125,3.4658203125,0.8707280390952152,3.318115234375,3.564453125,3.262939453125,3.776123046875,45115,0
upgrade,full,results/capacity-20260906/upgrade/full,sequential,32768.0,8,1000000,4096,TSC ticks/access,3.5599682993164063,3.5068359375,0.7976429563190588,3.369140625,3.59375,3.30029296875,3.722900390625,19433,0
upgrade,full,results/capacity-20260906/upgrade/full,sequential,65536.0,8,1000000,4096,TSC ticks/access,3.5638133688964846,3.5087890625,0.7966477778578813,3.375,3.594970703125,3.30419921875,3.732666015625,20569,0
upgrade,full,results/capacity-20260906/upgrade/full,sequential,131072.0,8,1000000,4096,TSC ticks/access,3.580383183105469,3.502197265625,0.9958595341170464,3.357421875,3.58984375,3.299560546875,3.759521484375,38193,0
upgrade,full,results/capacity-20260906/upgrade/full,sequential,262144.0,8,1000000,4096,TSC ticks/access,3.5627089001464842,3.50146484375,0.9051241315757497,3.36572265625,3.586669921875,3.301513671875,3.70556640625,13134,0
upgrade,small,results/capacity-20260906/upgrade/refine-small,empty,16.0,8,1000000,4096,TSC ticks/timer pair,45.456152,46.0,20.539041097507575,44.0,46.0,43.0,48.0,108,0
upgrade,small,results/capacity-20260906/upgrade/refine-small,random,16.0,8,1000000,4096,TSC ticks/access,2.9419778244628905,2.90869140625,0.6546092696091268,2.85791015625,2.92333984375,2.8515625,2.972900390625,16125,0
upgrade,small,results/capacity-20260906/upgrade/refine-small,random,24.0,8,1000000,4096,TSC ticks/access,2.9513666010742186,2.86279296875,0.7636996520516286,2.8564453125,2.92138671875,2.85107421875,2.975341796875,22073,0
upgrade,small,results/capacity-20260906/upgrade/refine-small,random,28.0,8,1000000,4096,TSC ticks/access,2.959155677001953,2.875732421875,1.4995450222632987,2.85791015625,2.92333984375,2.85205078125,2.986328125,24470,0
upgrade,small,results/capacity-20260906/upgrade/refine-small,random,32.0,8,1000000,4096,TSC ticks/access,2.9828023115234377,2.94140625,0.6662127750373109,2.886962890625,2.954833984375,2.874267578125,3.019287109375,24871,0
upgrade,small,results/capacity-20260906/upgrade/refine-small,random,36.0,8,1000000,4096,TSC ticks/access,3.7473944953613283,3.712890625,0.5522779069303491,3.69140625,3.741943359375,3.62744140625,3.806396484375,69319,0
upgrade,small,results/capacity-20260906/upgrade/refine-small,random,40.0,8,1000000,4096,TSC ticks/access,4.360273940917969,4.300048828125,0.8021268858550346,4.237060546875,4.336669921875,4.195556640625,4.431640625,28129,0
upgrade,small,results/capacity-20260906/upgrade/refine-small,random,44.0,8,1000000,4096,TSC ticks/access,4.786474380126953,4.679931640625,0.9808794873475449,4.636962890625,4.7431640625,4.596923828125,4.845947265625,29494,0
upgrade,small,results/capacity-20260906/upgrade/refine-small,random,48.0,8,1000000,4096,TSC ticks/access,5.192917043945313,5.079345703125,1.769008052957767,5.022216796875,5.145751953125,4.96435546875,5.2666015625,29873,0
upgrade,small,results/capacity-20260906/upgrade/refine-small,random,52.0,8,1000000,4096,TSC ticks/access,5.516199581298828,5.37255859375,1.1392419349120764,5.337890625,5.427490234375,5.30517578125,5.572021484375,54002,0
upgrade,small,results/capacity-20260906/upgrade/refine-small,random,56.0,8,1000000,4096,TSC ticks/access,5.721651437744141,5.609375,1.0250843117762767,5.537353515625,5.68017578125,5.495849609375,5.8349609375,30188,0
upgrade,small,results/capacity-20260906/upgrade/refine-small,random,60.0,8,1000000,4096,TSC ticks/access,5.904688715332031,5.748291015625,1.914581138027139,5.7099609375,5.804931640625,5.66845703125,5.97021484375,59050,0
upgrade,small,results/capacity-20260906/upgrade/refine-small,random,64.0,8,1000000,4096,TSC ticks/access,6.152008257324219,6.031005859375,1.5187284451007472,5.952392578125,6.09423828125,5.906005859375,6.2294921875,30279,0
upgrade,small,results/capacity-20260906/upgrade/refine-small,sequential,16.0,8,1000000,4096,TSC ticks/access,2.9429933349609376,2.86181640625,0.74780308017916,2.855712890625,2.9189453125,2.85107421875,2.972412109375,19412,0
upgrade,small,results/capacity-20260906/upgrade/refine-small,sequential,24.0,8,1000000,4096,TSC ticks/access,2.95985815625,2.903564453125,0.7390597036866977,2.857421875,2.92626953125,2.8515625,3.0126953125,41432,0
upgrade,small,results/capacity-20260906/upgrade/refine-small,sequential,28.0,8,1000000,4096,TSC ticks/access,2.9629275061035156,2.907470703125,0.6749484582325481,2.86669921875,2.936279296875,2.860595703125,3.04296875,53223,0
upgrade,small,results/capacity-20260906/upgrade/refine-small,sequential,32.0,8,1000000,4096,TSC ticks/access,2.9837553557128906,2.91357421875,0.7777165353677743,2.880615234375,2.948486328125,2.87060546875,3.027587890625,34941,0
upgrade,small,results/capacity-20260906/upgrade/refine-small,sequential,36.0,8,1000000,4096,TSC ticks/access,3.024407529296875,2.934326171875,0.6790079227700737,2.875732421875,2.9423828125,2.8671875,3.585693359375,106122,0
upgrade,small,results/capacity-20260906/upgrade/refine-small,sequential,40.0,8,1000000,4096,TSC ticks/access,2.9875660502929686,2.900146484375,1.8315757580280865,2.872802734375,2.93896484375,2.86669921875,3.01806640625,47555,0
upgrade,small,results/capacity-20260906/upgrade/refine-small,sequential,44.0,8,1000000,4096,TSC ticks/access,2.9733777841796876,2.87548828125,0.7893723742679682,2.869873046875,2.931640625,2.865234375,3.00537109375,42532,0
upgrade,small,results/capacity-20260906/upgrade/refine-small,sequential,48.0,8,1000000,4096,TSC ticks/access,2.9670175334472657,2.874755859375,0.7941746029861889,2.869140625,2.93212890625,2.8642578125,3.000244140625,32773,0
upgrade,small,results/capacity-20260906/upgrade/refine-small,sequential,52.0,8,1000000,4096,TSC ticks/access,2.9824126098632813,2.932373046875,0.6865715019597429,2.87451171875,2.94091796875,2.8671875,3.020751953125,46570,0
upgrade,small,results/capacity-20260906/upgrade/refine-small,sequential,56.0,8,1000000,4096,TSC ticks/access,3.040381074951172,2.950439453125,0.7048538963587869,2.893798828125,2.961669921875,2.8818359375,3.61474609375,97594,0
upgrade,small,results/capacity-20260906/upgrade/refine-small,sequential,60.0,8,1000000,4096,TSC ticks/access,2.969041647216797,2.896728515625,0.7417650940615146,2.87255859375,2.939453125,2.86669921875,3.009521484375,32343,0
upgrade,small,results/capacity-20260906/upgrade/refine-small,sequential,64.0,8,1000000,4096,TSC ticks/access,2.9653228344726563,2.900390625,0.7214923240094209,2.87255859375,2.939208984375,2.866455078125,3.009033203125,30444,0
upgrade,middle,results/capacity-20260906/upgrade/refine-middle,empty,128.0,8,1000000,4096,TSC ticks/timer pair,45.462451,46.0,23.165773475661453,44.0,46.0,43.0,48.0,208,0
upgrade,middle,results/capacity-20260906/upgrade/refine-middle,random,128.0,8,1000000,4096,TSC ticks/access,7.556152651611328,7.364990234375,1.6809139725636533,7.310302734375,7.444580078125,7.250732421875,7.684814453125,62913,0
upgrade,middle,results/capacity-20260906/upgrade/refine-middle,random,160.0,8,1000000,4096,TSC ticks/access,8.545198165771485,8.3759765625,1.7142675567855319,8.268798828125,8.5029296875,8.123046875,8.739990234375,33262,0
upgrade,middle,results/capacity-20260906/upgrade/refine-middle,random,192.0,8,1000000,4096,TSC ticks/access,11.801677122802735,11.551513671875,1.868367345849943,11.415771484375,11.7158203125,11.282958984375,12.0625,40506,0
upgrade,middle,results/capacity-20260906/upgrade/refine-middle,random,224.0,8,1000000,4096,TSC ticks/access,12.919416084472656,12.64990234375,2.1372941977475235,12.498779296875,12.82861328125,12.33740234375,13.209716796875,41593,0
upgrade,middle,results/capacity-20260906/upgrade/refine-middle,random,256.0,8,1000000,4096,TSC ticks/access,13.562815894042968,13.257568359375,2.485728475848995,13.08935546875,13.456298828125,12.90625,13.936279296875,45345,0
upgrade,middle,results/capacity-20260906/upgrade/refine-middle,random,288.0,8,1000000,4096,TSC ticks/access,12.614113911376952,12.320068359375,1.738841004928064,12.167236328125,12.504638671875,11.994384765625,13.012939453125,50148,0
upgrade,middle,results/capacity-20260906/upgrade/refine-middle,random,320.0,8,1000000,4096,TSC ticks/access,16.232885875,15.861328125,2.73397732778436,15.703125,16.085205078125,15.501708984375,16.62646484375,48492,0
upgrade,middle,results/capacity-20260906/upgrade/refine-middle,random,352.0,8,1000000,4096,TSC ticks/access,17.127469343017577,16.82568359375,2.520049719295098,16.604248046875,17.027099609375,16.4384765625,17.558349609375,46142,0
upgrade,middle,results/capacity-20260906/upgrade/refine-middle,random,384.0,8,1000000,4096,TSC ticks/access,19.601993435302735,19.21630859375,2.3945605714657203,19.0185546875,19.48876953125,18.85009765625,20.06787109375,46862,0
upgrade,middle,results/capacity-20260906/upgrade/refine-middle,random,448.0,8,1000000,4096,TSC ticks/access,20.956042887939454,20.497802734375,2.8577633590902036,20.298583984375,20.794677734375,20.11865234375,21.742687988281233,52594,0
upgrade,middle,results/capacity-20260906/upgrade/refine-middle,random,512.0,8,1000000,4096,TSC ticks/access,22.81926455004883,22.32666015625,2.9403298665234803,22.163330078125,22.694580078125,21.919677734375,23.614013671875,51045,0
upgrade,middle,results/capacity-20260906/upgrade/refine-middle,random,768.0,8,1000000,4096,TSC ticks/access,27.16294941870117,26.5439453125,3.4429146662724452,26.455322265625,26.791748046875,26.272216796875,28.25390625,87768,0
upgrade,middle,results/capacity-20260906/upgrade/refine-middle,random,1024.0,8,1000000,4096,TSC ticks/access,29.49484669946289,28.852783203125,3.3441843150122317,28.68798828125,29.383056640625,28.491943359375,30.5107421875,52569,0
upgrade,middle,results/capacity-20260906/upgrade/refine-middle,sequential,128.0,8,1000000,4096,TSC ticks/access,2.9794442717285157,2.94140625,0.6602996032364211,2.886962890625,2.954833984375,2.874267578125,3.025146484375,32703,0
upgrade,middle,results/capacity-20260906/upgrade/refine-middle,sequential,160.0,8,1000000,4096,TSC ticks/access,2.998723196777344,2.91943359375,0.8121779533697079,2.893310546875,2.95849609375,2.882568359375,3.046630859375,43730,0
upgrade,middle,results/capacity-20260906/upgrade/refine-middle,sequential,192.0,8,1000000,4096,TSC ticks/access,3.0142353286132813,2.93408203125,0.8545723806643406,2.898193359375,2.973876953125,2.875244140625,3.094482421875,52452,0
upgrade,middle,results/capacity-20260906/upgrade/refine-middle,sequential,224.0,8,1000000,4096,TSC ticks/access,2.985004302734375,2.92333984375,0.6712785944115143,2.885009765625,2.970703125,2.86962890625,3.076171875,39874,0
upgrade,middle,results/capacity-20260906/upgrade/refine-middle,sequential,256.0,8,1000000,4096,TSC ticks/access,3.0162186162109377,2.951904296875,0.7699898262181506,2.9140625,2.98779296875,2.8974609375,3.0732421875,36942,0
upgrade,middle,results/capacity-20260906/upgrade/refine-middle,sequential,288.0,8,1000000,4096,TSC ticks/access,3.0115871079101564,2.947998046875,0.7161636184542159,2.919921875,2.98779296875,2.903076171875,3.06396484375,33162,0
upgrade,middle,results/capacity-20260906/upgrade/refine-middle,sequential,320.0,8,1000000,4096,TSC ticks/access,3.001336243652344,2.932861328125,0.7051709488570985,2.921875,2.960693359375,2.910888671875,3.062255859375,82542,0
upgrade,middle,results/capacity-20260906/upgrade/refine-middle,sequential,352.0,8,1000000,4096,TSC ticks/access,3.0393935048828125,2.9853515625,0.6972307785217011,2.93798828125,3.013916015625,2.9150390625,3.089111328125,36972,0
upgrade,middle,results/capacity-20260906/upgrade/refine-middle,sequential,384.0,8,1000000,4096,TSC ticks/access,3.012647173828125,2.93017578125,0.8016565164170222,2.9248046875,2.940673828125,2.9169921875,3.003662109375,176878,0
upgrade,middle,results/capacity-20260906/upgrade/refine-middle,sequential,448.0,8,1000000,4096,TSC ticks/access,3.0122670444335937,2.93408203125,0.7474914061727796,2.927978515625,2.96630859375,2.92138671875,3.0712890625,111491,0
upgrade,middle,results/capacity-20260906/upgrade/refine-middle,sequential,512.0,8,1000000,4096,TSC ticks/access,3.0086584436035158,2.934814453125,0.6987259604217188,2.9296875,2.9931640625,2.923828125,3.006103515625,17774,0
upgrade,middle,results/capacity-20260906/upgrade/refine-middle,sequential,768.0,8,1000000,4096,TSC ticks/access,3.0052786833496095,2.9345703125,0.7682792049379158,2.93017578125,2.93994140625,2.92578125,3.005615234375,190575,0
upgrade,middle,results/capacity-20260906/upgrade/refine-middle,sequential,1024.0,8,1000000,4096,TSC ticks/access,3.0069871235351564,2.9384765625,0.6726053520489176,2.931640625,2.998291015625,2.92578125,3.007568359375,8285,0
upgrade,large,results/capacity-20260906/upgrade/refine-large,empty,4096.0,8,1000000,4096,TSC ticks/timer pair,45.48542,46.0,29.412706446889587,44.0,46.0,43.0,48.0,74,0
upgrade,large,results/capacity-20260906/upgrade/refine-large,random,4096.0,8,1000000,4096,TSC ticks/access,34.5895356706543,34.375732421875,3.2463972310231908,33.716064453125,34.499755859375,33.531005859375,35.612329101562466,49770,0
upgrade,large,results/capacity-20260906/upgrade/refine-large,random,5120.0,8,1000000,4096,TSC ticks/access,35.64485108178711,35.0517578125,3.7404146011928963,34.621826171875,35.520751953125,34.334716796875,36.95556640625,51901,0
upgrade,large,results/capacity-20260906/upgrade/refine-large,random,6144.0,8,1000000,4096,TSC ticks/access,40.73674914892578,39.61328125,6.223431681862308,39.04541015625,40.303466796875,38.350830078125,49.319580078125,65818,0
upgrade,large,results/capacity-20260906/upgrade/refine-large,random,7168.0,8,1000000,4096,TSC ticks/access,52.62848102246094,51.27734375,6.751516312748872,50.388671875,52.32958984375,49.261962890625,63.175805664062466,71048,0
upgrade,large,results/capacity-20260906/upgrade/refine-large,random,8192.0,8,1000000,4096,TSC ticks/access,61.458376568115234,60.485107421875,6.050202751103296,59.266357421875,61.84130859375,57.66845703125,66.33620605468747,53893,0
upgrade,large,results/capacity-20260906/upgrade/refine-large,random,9216.0,8,1000000,4096,TSC ticks/access,87.51604303173828,86.038818359375,7.4396147176193805,84.473388671875,87.87060546875,82.449951171875,103.95471191406233,76096,0
upgrade,large,results/capacity-20260906/upgrade/refine-large,random,10240.0,8,1000000,4096,TSC ticks/access,102.83941021606445,101.375732421875,7.651040486915565,99.74560546875,103.240478515625,97.6408447265625,120.15947265624993,72431,0
upgrade,large,results/capacity-20260906/upgrade/refine-large,random,11264.0,8,1000000,4096,TSC ticks/access,116.88622095019531,115.18798828125,8.202156195863541,113.53924560546875,117.067138671875,111.330322265625,136.58742675781247,85240,0
upgrade,large,results/capacity-20260906/upgrade/refine-large,random,12288.0,8,1000000,4096,TSC ticks/access,127.3306337734375,125.3408203125,8.488849738584358,123.77001953125,127.20361328125,121.697265625,147.81298828125,100813,0
upgrade,large,results/capacity-20260906/upgrade/refine-large,random,14336.0,8,1000000,4096,TSC ticks/access,145.78437066381835,143.593505859375,9.04639376683194,142.03173828125,145.4775390625,139.9765625,166.35865478515623,110321,0
upgrade,large,results/capacity-20260906/upgrade/refine-large,random,16384.0,8,1000000,4096,TSC ticks/access,158.57537498828125,156.0625,9.217188367594774,154.530029296875,158.00390625,152.54296875,179.31884765625,123401,0
upgrade,large,results/capacity-20260906/upgrade/refine-large,random,20480.0,8,1000000,4096,TSC ticks/access,175.20541471557618,173.0054931640625,8.979118215749942,171.52587890625,174.794677734375,169.54248046875,195.74072265625,109630,0
upgrade,large,results/capacity-20260906/upgrade/refine-large,random,24576.0,8,1000000,4096,TSC ticks/access,188.9442044448242,186.189208984375,9.750539852820816,184.861572265625,187.965087890625,183.166259765625,209.455322265625,132784,0
upgrade,large,results/capacity-20260906/upgrade/refine-large,random,32768.0,8,1000000,4096,TSC ticks/access,201.61630998510742,198.684326171875,10.125140655929147,197.459716796875,200.501220703125,195.98681640625,221.8359375,140827,0
upgrade,large,results/capacity-20260906/upgrade/refine-large,sequential,4096.0,8,1000000,4096,TSC ticks/access,3.066835756591797,3.009521484375,0.5213076177053529,2.99755859375,3.0498046875,2.93701171875,3.23583984375,114349,0
upgrade,large,results/capacity-20260906/upgrade/refine-large,sequential,5120.0,8,1000000,4096,TSC ticks/access,3.10533208984375,3.007568359375,0.7143827773014304,2.96533203125,3.0634765625,2.930419921875,3.30615234375,87708,0
upgrade,large,results/capacity-20260906/upgrade/refine-large,sequential,6144.0,8,1000000,4096,TSC ticks/access,3.1872048244628908,3.0380859375,1.716744203404251,2.982421875,3.149169921875,2.93798828125,3.869384765625,74831,0
upgrade,large,results/capacity-20260906/upgrade/refine-large,sequential,7168.0,8,1000000,4096,TSC ticks/access,3.3269522385253905,3.242431640625,0.48962709423625494,3.153076171875,3.3759765625,3.0703125,4.0302734375,65560,0
upgrade,large,results/capacity-20260906/upgrade/refine-large,sequential,8192.0,8,1000000,4096,TSC ticks/access,3.360622048583984,3.289794921875,0.8270147449336129,3.18994140625,3.410888671875,3.087646484375,3.5625,10327,0
upgrade,large,results/capacity-20260906/upgrade/refine-large,sequential,9216.0,8,1000000,4096,TSC ticks/access,3.4282210385742187,3.31591796875,0.8944207689968122,3.211669921875,3.4462890625,3.103759765625,3.89990234375,51161,0
upgrade,large,results/capacity-20260906/upgrade/refine-large,sequential,10240.0,8,1000000,4096,TSC ticks/access,3.41588801171875,3.346435546875,0.7406261245110354,3.24462890625,3.468017578125,3.15380859375,3.599365234375,16929,0
upgrade,large,results/capacity-20260906/upgrade/refine-large,sequential,11264.0,8,1000000,4096,TSC ticks/access,3.441966340576172,3.374755859375,0.8009472335705603,3.263671875,3.4912109375,3.18310546875,3.609619140625,9778,0
upgrade,large,results/capacity-20260906/upgrade/refine-large,sequential,12288.0,8,1000000,4096,TSC ticks/access,3.49168059375,3.417236328125,1.6857783893172877,3.29296875,3.528076171875,3.218017578125,3.65380859375,16853,0
upgrade,large,results/capacity-20260906/upgrade/refine-large,sequential,14336.0,8,1000000,4096,TSC ticks/access,3.4952787976074218,3.463623046875,0.7145071169149703,3.337158203125,3.5595703125,3.2626953125,3.661865234375,8230,0
upgrade,large,results/capacity-20260906/upgrade/refine-large,sequential,16384.0,8,1000000,4096,TSC ticks/access,3.522919392578125,3.482666015625,0.6895416216222786,3.3515625,3.56982421875,3.277099609375,3.6865234375,19150,0
upgrade,large,results/capacity-20260906/upgrade/refine-large,sequential,20480.0,8,1000000,4096,TSC ticks/access,3.5339948063964846,3.473388671875,0.8895765150904883,3.32373046875,3.5703125,3.276611328125,3.674072265625,11205,0
upgrade,large,results/capacity-20260906/upgrade/refine-large,sequential,24576.0,8,1000000,4096,TSC ticks/access,3.574295509033203,3.5107421875,0.7633985065300621,3.3701171875,3.597900390625,3.2958984375,3.889172363281233,48703,0
upgrade,large,results/capacity-20260906/upgrade/refine-large,sequential,32768.0,8,1000000,4096,TSC ticks/access,3.5594532709960935,3.51123046875,0.7607889725477872,3.37646484375,3.595458984375,3.3017578125,3.732177734375,21066,0
